country,iso3,cumul.excess.mean
Afghanistan,AFG,1296
Afghanistan,AFG,1833
Afghanistan,AFG,1445
Afghanistan,AFG,236
Afghanistan,AFG,363
Afghanistan,AFG,2779
Afghanistan,AFG,6027
Afghanistan,AFG,7175
Afghanistan,AFG,8387
Afghanistan,AFG,10936
Afghanistan,AFG,15498
Afghanistan,AFG,19392
Afghanistan,AFG,21037
Afghanistan,AFG,20764
Afghanistan,AFG,20739
Afghanistan,AFG,22250
Afghanistan,AFG,24716
Afghanistan,AFG,30239
Afghanistan,AFG,35699
Afghanistan,AFG,38700
Afghanistan,AFG,39966
Afghanistan,AFG,41265
Afghanistan,AFG,42991
Afghanistan,AFG,44533
Angola,AGO,1159
Angola,AGO,2204
Angola,AGO,3175
Angola,AGO,1918
Angola,AGO,940
Angola,AGO,200
Angola,AGO,311
Angola,AGO,1120
Angola,AGO,2210
Angola,AGO,3127
Angola,AGO,4097
Angola,AGO,5339
Angola,AGO,6746
Angola,AGO,8546
Angola,AGO,9936
Angola,AGO,11057
Angola,AGO,12898
Angola,AGO,14216
Angola,AGO,15782
Angola,AGO,17844
Angola,AGO,19928
Angola,AGO,21324
Angola,AGO,21904
Angola,AGO,22685
Albania,ALB,-226
Albania,ALB,-524
Albania,ALB,-663
Albania,ALB,-820
Albania,ALB,-835
Albania,ALB,-859
Albania,ALB,-444
Albania,ALB,491
Albania,ALB,894
Albania,ALB,1794
Albania,ALB,4444
Albania,ALB,5568
Albania,ALB,6233
Albania,ALB,8176
Albania,ALB,9862
Albania,ALB,10364
Albania,ALB,10237
Albania,ALB,10067
Albania,ALB,9789
Albania,ALB,9949
Albania,ALB,10909
Albania,ALB,11839
Albania,ALB,12349
Albania,ALB,12689
Andorra,AND,12
Andorra,AND,30
Andorra,AND,58
Andorra,AND,131
Andorra,AND,157
Andorra,AND,163
Andorra,AND,175
Andorra,AND,165
Andorra,AND,170
Andorra,AND,222
Andorra,AND,206
Andorra,AND,232
Andorra,AND,257
Andorra,AND,268
Andorra,AND,278
Andorra,AND,295
Andorra,AND,304
Andorra,AND,307
Andorra,AND,318
Andorra,AND,331
Andorra,AND,335
Andorra,AND,341
Andorra,AND,353
Andorra,AND,375
United Arab Emirates,ARE,23
United Arab Emirates,ARE,22
United Arab Emirates,ARE,-4
United Arab Emirates,ARE,54
United Arab Emirates,ARE,242
United Arab Emirates,ARE,494
United Arab Emirates,ARE,803
United Arab Emirates,ARE,997
United Arab Emirates,ARE,1028
United Arab Emirates,ARE,1000
United Arab Emirates,ARE,959
United Arab Emirates,ARE,929
United Arab Emirates,ARE,927
United Arab Emirates,ARE,1008
United Arab Emirates,ARE,1123
United Arab Emirates,ARE,1229
United Arab Emirates,ARE,1426
United Arab Emirates,ARE,1701
United Arab Emirates,ARE,2025
United Arab Emirates,ARE,2260
United Arab Emirates,ARE,2369
United Arab Emirates,ARE,2397
United Arab Emirates,ARE,2363
United Arab Emirates,ARE,2330
Argentina,ARG,-207
Argentina,ARG,-1313
Argentina,ARG,-1755
Argentina,ARG,-4029
Argentina,ARG,-6794
Argentina,ARG,-12086
Argentina,ARG,-11243
Argentina,ARG,-7180
Argentina,ARG,2516
Argentina,ARG,16934
Argentina,ARG,26150
Argentina,ARG,31692
Argentina,ARG,35275
Argentina,ARG,36447
Argentina,ARG,38507
Argentina,ARG,44710
Argentina,ARG,57603
Argentina,ARG,77146
Argentina,ARG,85573
Argentina,ARG,90704
Argentina,ARG,88225
Argentina,ARG,87139
Argentina,ARG,86691
Argentina,ARG,89882
Armenia,ARM,168
Armenia,ARM,289
Armenia,ARM,323
Armenia,ARM,344
Armenia,ARM,369
Armenia,ARM,1236
Armenia,ARM,1950
Armenia,ARM,2146
Armenia,ARM,2401
Armenia,ARM,4079
Armenia,ARM,7927
Armenia,ARM,9918
Armenia,ARM,10582
Armenia,ARM,10736
Armenia,ARM,11370
Armenia,ARM,12647
Armenia,ARM,13246
Armenia,ARM,13578
Armenia,ARM,13868
Armenia,ARM,14236
Armenia,ARM,15048
Armenia,ARM,16601
Armenia,ARM,19016
Armenia,ARM,19663
Antigua and Barbuda,ATG,-2
Antigua and Barbuda,ATG,-7
Antigua and Barbuda,ATG,1
Antigua and Barbuda,ATG,-3
Antigua and Barbuda,ATG,-3
Antigua and Barbuda,ATG,-14
Antigua and Barbuda,ATG,-21
Antigua and Barbuda,ATG,-30
Antigua and Barbuda,ATG,-39
Antigua and Barbuda,ATG,-41
Antigua and Barbuda,ATG,-44
Antigua and Barbuda,ATG,-57
Antigua and Barbuda,ATG,-65
Antigua and Barbuda,ATG,-64
Antigua and Barbuda,ATG,-56
Antigua and Barbuda,ATG,-56
Antigua and Barbuda,ATG,-51
Antigua and Barbuda,ATG,-58
Antigua and Barbuda,ATG,-61
Antigua and Barbuda,ATG,-63
Antigua and Barbuda,ATG,-43
Antigua and Barbuda,ATG,-29
Antigua and Barbuda,ATG,-24
Antigua and Barbuda,ATG,-30
Australia,AUS,-395
Australia,AUS,-97
Australia,AUS,202
Australia,AUS,270
Australia,AUS,-235
Australia,AUS,-1778
Australia,AUS,-3339
Australia,AUS,-4838
Australia,AUS,-6286
Australia,AUS,-7321
Australia,AUS,-7784
Australia,AUS,-7655
Australia,AUS,-8206
Australia,AUS,-8780
Australia,AUS,-8906
Australia,AUS,-9154
Australia,AUS,-9147
Australia,AUS,-9652
Australia,AUS,-10318
Australia,AUS,-11764
Australia,AUS,-12921
Australia,AUS,-13730
Australia,AUS,-14142
Australia,AUS,-14255
Austria,AUT,206
Austria,AUT,-389
Austria,AUT,-14
Austria,AUT,276
Austria,AUT,299
Austria,AUT,166
Austria,AUT,206
Austria,AUT,430
Austria,AUT,678
Austria,AUT,1623
Austria,AUT,4596
Austria,AUT,6535
Austria,AUT,7187
Austria,AUT,6221
Austria,AUT,6059
Austria,AUT,6330
Austria,AUT,6685
Austria,AUT,7032
Austria,AUT,7210
Austria,AUT,7632
Austria,AUT,8026
Austria,AUT,8940
Austria,AUT,10851
Austria,AUT,11938
Azerbaijan,AZE,202
Azerbaijan,AZE,268
Azerbaijan,AZE,1696
Azerbaijan,AZE,1122
Azerbaijan,AZE,507
Azerbaijan,AZE,3063
Azerbaijan,AZE,5523
Azerbaijan,AZE,6187
Azerbaijan,AZE,6493
Azerbaijan,AZE,8444
Azerbaijan,AZE,13804
Azerbaijan,AZE,27578
Azerbaijan,AZE,31842
Azerbaijan,AZE,32375
Azerbaijan,AZE,33628
Azerbaijan,AZE,37277
Azerbaijan,AZE,38354
Azerbaijan,AZE,39456
Azerbaijan,AZE,39997
Azerbaijan,AZE,42782
Azerbaijan,AZE,47499
Azerbaijan,AZE,49731
Azerbaijan,AZE,53980
Azerbaijan,AZE,57008
Burundi,BDI,470
Burundi,BDI,816
Burundi,BDI,1101
Burundi,BDI,1332
Burundi,BDI,1490
Burundi,BDI,1658
Burundi,BDI,1963
Burundi,BDI,2418
Burundi,BDI,2800
Burundi,BDI,3152
Burundi,BDI,3547
Burundi,BDI,4096
Burundi,BDI,4586
Burundi,BDI,5111
Burundi,BDI,5668
Burundi,BDI,6018
Burundi,BDI,6313
Burundi,BDI,6774
Burundi,BDI,7328
Burundi,BDI,7876
Burundi,BDI,8344
Burundi,BDI,8665
Burundi,BDI,9024
Burundi,BDI,9337
Belgium,BEL,-10
Belgium,BEL,-1140
Belgium,BEL,686
Belgium,BEL,6777
Belgium,BEL,7538
Belgium,BEL,7098
Belgium,BEL,6620
Belgium,BEL,8141
Belgium,BEL,8009
Belgium,BEL,10351
Belgium,BEL,15307
Belgium,BEL,16968
Belgium,BEL,17485
Belgium,BEL,15815
Belgium,BEL,14908
Belgium,BEL,15044
Belgium,BEL,15504
Belgium,BEL,15157
Belgium,BEL,15050
Belgium,BEL,14889
Belgium,BEL,14778
Belgium,BEL,15857
Belgium,BEL,16969
Belgium,BEL,17918
Benin,BEN,612
Benin,BEN,1162
Benin,BEN,1273
Benin,BEN,973
Benin,BEN,971
Benin,BEN,1772
Benin,BEN,2669
Benin,BEN,3276
Benin,BEN,3552
Benin,BEN,3469
Benin,BEN,3545
Benin,BEN,3933
Benin,BEN,4494
Benin,BEN,5702
Benin,BEN,6860
Benin,BEN,7705
Benin,BEN,8357
Benin,BEN,9130
Benin,BEN,9904
Benin,BEN,10808
Benin,BEN,11385
Benin,BEN,11527
Benin,BEN,11601
Benin,BEN,11853
Burkina Faso,BFA,962
Burkina Faso,BFA,1746
Burkina Faso,BFA,2222
Burkina Faso,BFA,2289
Burkina Faso,BFA,2722
Burkina Faso,BFA,3425
Burkina Faso,BFA,4396
Burkina Faso,BFA,5348
Burkina Faso,BFA,5838
Burkina Faso,BFA,6136
Burkina Faso,BFA,6318
Burkina Faso,BFA,7173
Burkina Faso,BFA,8589
Burkina Faso,BFA,10462
Burkina Faso,BFA,11900
Burkina Faso,BFA,13334
Burkina Faso,BFA,14673
Burkina Faso,BFA,15931
Burkina Faso,BFA,17203
Burkina Faso,BFA,18366
Burkina Faso,BFA,19233
Burkina Faso,BFA,20043
Burkina Faso,BFA,21152
Burkina Faso,BFA,22160
Bangladesh,BGD,3454
Bangladesh,BGD,3682
Bangladesh,BGD,2226
Bangladesh,BGD,-2274
Bangladesh,BGD,-1135
Bangladesh,BGD,9218
Bangladesh,BGD,20615
Bangladesh,BGD,29920
Bangladesh,BGD,34630
Bangladesh,BGD,36823
Bangladesh,BGD,40746
Bangladesh,BGD,46041
Bangladesh,BGD,48932
Bangladesh,BGD,48952
Bangladesh,BGD,53552
Bangladesh,BGD,67828
Bangladesh,BGD,76042
Bangladesh,BGD,89055
Bangladesh,BGD,111085
Bangladesh,BGD,130000
Bangladesh,BGD,136426
Bangladesh,BGD,137925
Bangladesh,BGD,138530
Bangladesh,BGD,140764
Bulgaria,BGR,-94
Bulgaria,BGR,-364
Bulgaria,BGR,-686
Bulgaria,BGR,-1088
Bulgaria,BGR,-1204
Bulgaria,BGR,-1228
Bulgaria,BGR,-701
Bulgaria,BGR,-111
Bulgaria,BGR,91
Bulgaria,BGR,1617
Bulgaria,BGR,10056
Bulgaria,BGR,16879
Bulgaria,BGR,17940
Bulgaria,BGR,18213
Bulgaria,BGR,23545
Bulgaria,BGR,30012
Bulgaria,BGR,32324
Bulgaria,BGR,33064
Bulgaria,BGR,33786
Bulgaria,BGR,35596
Bulgaria,BGR,39429
Bulgaria,BGR,46467
Bulgaria,BGR,53887
Bulgaria,BGR,57494
Bahrain,BHR,-15
Bahrain,BHR,-35
Bahrain,BHR,-46
Bahrain,BHR,-62
Bahrain,BHR,-45
Bahrain,BHR,66
Bahrain,BHR,191
Bahrain,BHR,261
Bahrain,BHR,291
Bahrain,BHR,299
Bahrain,BHR,278
Bahrain,BHR,246
Bahrain,BHR,211
Bahrain,BHR,206
Bahrain,BHR,224
Bahrain,BHR,294
Bahrain,BHR,463
Bahrain,BHR,665
Bahrain,BHR,731
Bahrain,BHR,753
Bahrain,BHR,742
Bahrain,BHR,723
Bahrain,BHR,697
Bahrain,BHR,666
Bahamas,BHS,-1
Bahamas,BHS,-3
Bahamas,BHS,-9
Bahamas,BHS,16
Bahamas,BHS,20
Bahamas,BHS,56
Bahamas,BHS,97
Bahamas,BHS,191
Bahamas,BHS,260
Bahamas,BHS,311
Bahamas,BHS,331
Bahamas,BHS,335
Bahamas,BHS,339
Bahamas,BHS,340
Bahamas,BHS,353
Bahamas,BHS,377
Bahamas,BHS,436
Bahamas,BHS,484
Bahamas,BHS,556
Bahamas,BHS,672
Bahamas,BHS,819
Bahamas,BHS,925
Bahamas,BHS,960
Bahamas,BHS,1003
Bosnia and Herzegovina,BIH,-537
Bosnia and Herzegovina,BIH,-770
Bosnia and Herzegovina,BIH,-1201
Bosnia and Herzegovina,BIH,-1215
Bosnia and Herzegovina,BIH,-1351
Bosnia and Herzegovina,BIH,-1343
Bosnia and Herzegovina,BIH,-1179
Bosnia and Herzegovina,BIH,-742
Bosnia and Herzegovina,BIH,-185
Bosnia and Herzegovina,BIH,307
Bosnia and Herzegovina,BIH,2599
Bosnia and Herzegovina,BIH,5268
Bosnia and Herzegovina,BIH,5331
Bosnia and Herzegovina,BIH,5305
Bosnia and Herzegovina,BIH,6666
Bosnia and Herzegovina,BIH,9482
Bosnia and Herzegovina,BIH,10604
Bosnia and Herzegovina,BIH,10888
Bosnia and Herzegovina,BIH,11004
Bosnia and Herzegovina,BIH,11086
Bosnia and Herzegovina,BIH,11921
Bosnia and Herzegovina,BIH,12996
Bosnia and Herzegovina,BIH,14427
Bosnia and Herzegovina,BIH,15716
Belarus,BLR,215
Belarus,BLR,-696
Belarus,BLR,-550
Belarus,BLR,-59
Belarus,BLR,1837
Belarus,BLR,5171
Belarus,BLR,6514
Belarus,BLR,7577
Belarus,BLR,8731
Belarus,BLR,11520
Belarus,BLR,16884
Belarus,BLR,23915
Belarus,BLR,29515
Belarus,BLR,31521
Belarus,BLR,31996
Belarus,BLR,33135
Belarus,BLR,34546
Belarus,BLR,36029
Belarus,BLR,37647
Belarus,BLR,39266
Belarus,BLR,41169
Belarus,BLR,43640
Belarus,BLR,46348
Belarus,BLR,48893
Belize,BLZ,4
Belize,BLZ,-4
Belize,BLZ,-12
Belize,BLZ,-38
Belize,BLZ,-49
Belize,BLZ,-46
Belize,BLZ,-54
Belize,BLZ,-63
Belize,BLZ,-81
Belize,BLZ,-60
Belize,BLZ,21
Belize,BLZ,122
Belize,BLZ,207
Belize,BLZ,245
Belize,BLZ,267
Belize,BLZ,303
Belize,BLZ,312
Belize,BLZ,330
Belize,BLZ,356
Belize,BLZ,399
Belize,BLZ,471
Belize,BLZ,566
Belize,BLZ,653
Belize,BLZ,697
Bolivia (Plurinational State of),BOL,322
Bolivia (Plurinational State of),BOL,671
Bolivia (Plurinational State of),BOL,981
Bolivia (Plurinational State of),BOL,-1136
Bolivia (Plurinational State of),BOL,-1447
Bolivia (Plurinational State of),BOL,4434
Bolivia (Plurinational State of),BOL,22995
Bolivia (Plurinational State of),BOL,33087
Bolivia (Plurinational State of),BOL,34504
Bolivia (Plurinational State of),BOL,35362
Bolivia (Plurinational State of),BOL,35909
Bolivia (Plurinational State of),BOL,36298
Bolivia (Plurinational State of),BOL,43732
Bolivia (Plurinational State of),BOL,47832
Bolivia (Plurinational State of),BOL,50176
Bolivia (Plurinational State of),BOL,51682
Bolivia (Plurinational State of),BOL,57772
Bolivia (Plurinational State of),BOL,66286
Bolivia (Plurinational State of),BOL,71402
Bolivia (Plurinational State of),BOL,74213
Bolivia (Plurinational State of),BOL,75730
Bolivia (Plurinational State of),BOL,76649
Bolivia (Plurinational State of),BOL,78459
Bolivia (Plurinational State of),BOL,88030
Brazil,BRA,560
Brazil,BRA,5141
Brazil,BRA,12319
Brazil,BRA,24325
Brazil,BRA,60797
Brazil,BRA,82960
Brazil,BRA,105622
Brazil,BRA,130552
Brazil,BRA,147487
Brazil,BRA,165123
Brazil,BRA,181931
Brazil,BRA,210811
Brazil,BRA,248032
Brazil,BRA,281520
Brazil,BRA,376952
Brazil,BRA,458327
Brazil,BRA,518636
Brazil,BRA,567695
Brazil,BRA,603941
Brazil,BRA,633106
Brazil,BRA,649631
Brazil,BRA,656171
Brazil,BRA,669510
Brazil,BRA,681267
Barbados,BRB,8
Barbados,BRB,-19
Barbados,BRB,-19
Barbados,BRB,-90
Barbados,BRB,-86
Barbados,BRB,-89
Barbados,BRB,-103
Barbados,BRB,-114
Barbados,BRB,-181
Barbados,BRB,-206
Barbados,BRB,-252
Barbados,BRB,-260
Barbados,BRB,-356
Barbados,BRB,-392
Barbados,BRB,-308
Barbados,BRB,-379
Barbados,BRB,-410
Barbados,BRB,-411
Barbados,BRB,-534
Barbados,BRB,-534
Barbados,BRB,-552
Barbados,BRB,-451
Barbados,BRB,-380
Barbados,BRB,-356
Brunei Darussalam,BRN,37
Brunei Darussalam,BRN,34
Brunei Darussalam,BRN,31
Brunei Darussalam,BRN,13
Brunei Darussalam,BRN,-8
Brunei Darussalam,BRN,29
Brunei Darussalam,BRN,11
Brunei Darussalam,BRN,2
Brunei Darussalam,BRN,-41
Brunei Darussalam,BRN,-70
Brunei Darussalam,BRN,-105
Brunei Darussalam,BRN,-123
Brunei Darussalam,BRN,-140
Brunei Darussalam,BRN,-154
Brunei Darussalam,BRN,-165
Brunei Darussalam,BRN,-170
Brunei Darussalam,BRN,-173
Brunei Darussalam,BRN,-174
Brunei Darussalam,BRN,-172
Brunei Darussalam,BRN,-153
Brunei Darussalam,BRN,-121
Brunei Darussalam,BRN,-96
Brunei Darussalam,BRN,-97
Brunei Darussalam,BRN,-110
Bhutan,BTN,16
Bhutan,BTN,16
Bhutan,BTN,-4
Bhutan,BTN,-50
Bhutan,BTN,-95
Bhutan,BTN,-137
Bhutan,BTN,-167
Bhutan,BTN,-199
Bhutan,BTN,-218
Bhutan,BTN,-221
Bhutan,BTN,-212
Bhutan,BTN,-212
Bhutan,BTN,-225
Bhutan,BTN,-259
Bhutan,BTN,-292
Bhutan,BTN,-329
Bhutan,BTN,-355
Bhutan,BTN,-373
Bhutan,BTN,-376
Bhutan,BTN,-376
Bhutan,BTN,-389
Bhutan,BTN,-397
Bhutan,BTN,-399
Bhutan,BTN,-397
Botswana,BWA,65
Botswana,BWA,98
Botswana,BWA,62
Botswana,BWA,-36
Botswana,BWA,-146
Botswana,BWA,-189
Botswana,BWA,-145
Botswana,BWA,-55
Botswana,BWA,54
Botswana,BWA,89
Botswana,BWA,145
Botswana,BWA,229
Botswana,BWA,594
Botswana,BWA,1138
Botswana,BWA,1903
Botswana,BWA,2480
Botswana,BWA,2982
Botswana,BWA,3760
Botswana,BWA,4790
Botswana,BWA,6286
Botswana,BWA,6813
Botswana,BWA,7087
Botswana,BWA,7228
Botswana,BWA,7413
Central African Republic,CAF,249
Central African Republic,CAF,513
Central African Republic,CAF,686
Central African Republic,CAF,454
Central African Republic,CAF,360
Central African Republic,CAF,1058
Central African Republic,CAF,1581
Central African Republic,CAF,1893
Central African Republic,CAF,2010
Central African Republic,CAF,1978
Central African Republic,CAF,2149
Central African Republic,CAF,2363
Central African Republic,CAF,2623
Central African Republic,CAF,3023
Central African Republic,CAF,3524
Central African Republic,CAF,4134
Central African Republic,CAF,4652
Central African Republic,CAF,4976
Central African Republic,CAF,5386
Central African Republic,CAF,5684
Central African Republic,CAF,5833
Central African Republic,CAF,5908
Central African Republic,CAF,6077
Central African Republic,CAF,6246
Canada,CAN,122
Canada,CAN,-493
Canada,CAN,-189
Canada,CAN,4405
Canada,CAN,7598
Canada,CAN,8114
Canada,CAN,8830
Canada,CAN,9857
Canada,CAN,11053
Canada,CAN,12329
Canada,CAN,14594
Canada,CAN,16809
Canada,CAN,18385
Canada,CAN,17013
Canada,CAN,15002
Canada,CAN,13728
Canada,CAN,12858
Canada,CAN,11600
Canada,CAN,12994
Canada,CAN,14471
Canada,CAN,16115
Canada,CAN,19129
Canada,CAN,20718
Canada,CAN,22019
Switzerland,CHE,-150
Switzerland,CHE,-826
Switzerland,CHE,-260
Switzerland,CHE,827
Switzerland,CHE,606
Switzerland,CHE,326
Switzerland,CHE,233
Switzerland,CHE,210
Switzerland,CHE,194
Switzerland,CHE,902
Switzerland,CHE,4186
Switzerland,CHE,7540
Switzerland,CHE,9037
Switzerland,CHE,8031
Switzerland,CHE,7457
Switzerland,CHE,7126
Switzerland,CHE,7113
Switzerland,CHE,6836
Switzerland,CHE,6156
Switzerland,CHE,7068
Switzerland,CHE,6926
Switzerland,CHE,6493
Switzerland,CHE,8052
Switzerland,CHE,8247
Chile,CHL,398
Chile,CHL,418
Chile,CHL,863
Chile,CHL,1025
Chile,CHL,3719
Chile,CHL,8985
Chile,CHL,10484
Chile,CHL,11140
Chile,CHL,11607
Chile,CHL,12685
Chile,CHL,13344
Chile,CHL,14575
Chile,CHL,17032
Chile,CHL,19204
Chile,CHL,22634
Chile,CHL,25793
Chile,CHL,28843
Chile,CHL,31594
Chile,CHL,33606
Chile,CHL,34261
Chile,CHL,34425
Chile,CHL,35347
Chile,CHL,36661
Chile,CHL,38695
China,CHN,64738
China,CHN,60356
China,CHN,-8047
China,CHN,-79584
China,CHN,-160753
China,CHN,-214928
China,CHN,-233793
China,CHN,-246862
China,CHN,-240915
China,CHN,-198795
China,CHN,-130918
China,CHN,-75525
China,CHN,-102598
China,CHN,-187450
China,CHN,-263663
China,CHN,-305409
China,CHN,-309174
China,CHN,-294970
China,CHN,-262227
China,CHN,-219103
China,CHN,-187854
China,CHN,-145586
China,CHN,-92208
China,CHN,-52063
Côte d'Ivoire,CIV,1116
Côte d'Ivoire,CIV,2161
Côte d'Ivoire,CIV,2027
Côte d'Ivoire,CIV,1266
Côte d'Ivoire,CIV,1515
Côte d'Ivoire,CIV,2801
Côte d'Ivoire,CIV,4354
Côte d'Ivoire,CIV,5690
Côte d'Ivoire,CIV,6436
Côte d'Ivoire,CIV,6737
Côte d'Ivoire,CIV,7074
Côte d'Ivoire,CIV,7902
Côte d'Ivoire,CIV,9184
Côte d'Ivoire,CIV,11059
Côte d'Ivoire,CIV,13441
Côte d'Ivoire,CIV,14996
Côte d'Ivoire,CIV,16222
Côte d'Ivoire,CIV,17437
Côte d'Ivoire,CIV,18722
Côte d'Ivoire,CIV,20478
Côte d'Ivoire,CIV,22607
Côte d'Ivoire,CIV,23882
Côte d'Ivoire,CIV,24428
Côte d'Ivoire,CIV,25434
Cameroon,CMR,1087
Cameroon,CMR,2063
Cameroon,CMR,3246
Cameroon,CMR,3482
Cameroon,CMR,4661
Cameroon,CMR,6356
Cameroon,CMR,8062
Cameroon,CMR,9184
Cameroon,CMR,9731
Cameroon,CMR,10212
Cameroon,CMR,10768
Cameroon,CMR,12115
Cameroon,CMR,13459
Cameroon,CMR,15758
Cameroon,CMR,18592
Cameroon,CMR,21316
Cameroon,CMR,24064
Cameroon,CMR,25965
Cameroon,CMR,27510
Cameroon,CMR,28923
Cameroon,CMR,30509
Cameroon,CMR,32465
Cameroon,CMR,33904
Cameroon,CMR,35322
Democratic Republic of the Congo,COD,4250
Democratic Republic of the Congo,COD,7819
Democratic Republic of the Congo,COD,10651
Democratic Republic of the Congo,COD,7634
Democratic Republic of the Congo,COD,6243
Democratic Republic of the Congo,COD,8131
Democratic Republic of the Congo,COD,10527
Democratic Republic of the Congo,COD,14806
Democratic Republic of the Congo,COD,17598
Democratic Republic of the Congo,COD,19863
Democratic Republic of the Congo,COD,25573
Democratic Republic of the Congo,COD,37211
Democratic Republic of the Congo,COD,48649
Democratic Republic of the Congo,COD,57700
Democratic Republic of the Congo,COD,68462
Democratic Republic of the Congo,COD,77955
Democratic Republic of the Congo,COD,85289
Democratic Republic of the Congo,COD,95763
Democratic Republic of the Congo,COD,102141
Democratic Republic of the Congo,COD,107638
Democratic Republic of the Congo,COD,110875
Democratic Republic of the Congo,COD,112444
Democratic Republic of the Congo,COD,113671
Democratic Republic of the Congo,COD,117758
Congo,COG,167
Congo,COG,320
Congo,COG,374
Congo,COG,262
Congo,COG,190
Congo,COG,337
Congo,COG,552
Congo,COG,824
Congo,COG,1005
Congo,COG,1101
Congo,COG,1175
Congo,COG,1343
Congo,COG,1655
Congo,COG,1987
Congo,COG,2279
Congo,COG,2505
Congo,COG,2677
Congo,COG,2919
Congo,COG,3172
Congo,COG,3364
Congo,COG,3567
Congo,COG,3983
Congo,COG,4326
Congo,COG,4529
Cook Islands,COK,-1
Cook Islands,COK,-2
Cook Islands,COK,-3
Cook Islands,COK,-5
Cook Islands,COK,-8
Cook Islands,COK,-10
Cook Islands,COK,-11
Cook Islands,COK,-13
Cook Islands,COK,-15
Cook Islands,COK,-16
Cook Islands,COK,-17
Cook Islands,COK,-19
Cook Islands,COK,-20
Cook Islands,COK,-22
Cook Islands,COK,-23
Cook Islands,COK,-25
Cook Islands,COK,-26
Cook Islands,COK,-27
Cook Islands,COK,-29
Cook Islands,COK,-30
Cook Islands,COK,-32
Cook Islands,COK,-33
Cook Islands,COK,-34
Cook Islands,COK,-36
Colombia,COL,-225
Colombia,COL,646
Colombia,COL,-112
Colombia,COL,-1430
Colombia,COL,-1973
Colombia,COL,1508
Colombia,COL,12756
Colombia,COL,24581
Colombia,COL,31724
Colombia,COL,38725
Colombia,COL,45223
Colombia,COL,54060
Colombia,COL,67797
Colombia,COL,73592
Colombia,COL,78124
Colombia,COL,92863
Colombia,COL,111812
Colombia,COL,134543
Colombia,COL,150632
Colombia,COL,155010
Colombia,COL,156819
Colombia,COL,158755
Colombia,COL,161164
Colombia,COL,164744
Comoros,COM,29
Comoros,COM,57
Comoros,COM,84
Comoros,COM,52
Comoros,COM,60
Comoros,COM,97
Comoros,COM,102
Comoros,COM,111
Comoros,COM,120
Comoros,COM,120
Comoros,COM,124
Comoros,COM,156
Comoros,COM,322
Comoros,COM,471
Comoros,COM,519
Comoros,COM,537
Comoros,COM,549
Comoros,COM,570
Comoros,COM,606
Comoros,COM,623
Comoros,COM,634
Comoros,COM,640
Comoros,COM,670
Comoros,COM,723
Cabo Verde,CPV,13
Cabo Verde,CPV,20
Cabo Verde,CPV,40
Cabo Verde,CPV,14
Cabo Verde,CPV,20
Cabo Verde,CPV,48
Cabo Verde,CPV,94
Cabo Verde,CPV,150
Cabo Verde,CPV,200
Cabo Verde,CPV,264
Cabo Verde,CPV,297
Cabo Verde,CPV,328
Cabo Verde,CPV,382
Cabo Verde,CPV,432
Cabo Verde,CPV,494
Cabo Verde,CPV,574
Cabo Verde,CPV,659
Cabo Verde,CPV,717
Cabo Verde,CPV,766
Cabo Verde,CPV,813
Cabo Verde,CPV,870
Cabo Verde,CPV,903
Cabo Verde,CPV,904
Cabo Verde,CPV,927
Costa Rica,CRI,-73
Costa Rica,CRI,-28
Costa Rica,CRI,-24
Costa Rica,CRI,-140
Costa Rica,CRI,-336
Costa Rica,CRI,-542
Costa Rica,CRI,-540
Costa Rica,CRI,-340
Costa Rica,CRI,166
Costa Rica,CRI,532
Costa Rica,CRI,697
Costa Rica,CRI,1357
Costa Rica,CRI,2262
Costa Rica,CRI,2664
Costa Rica,CRI,3029
Costa Rica,CRI,3627
Costa Rica,CRI,4826
Costa Rica,CRI,5766
Costa Rica,CRI,6405
Costa Rica,CRI,7156
Costa Rica,CRI,8214
Costa Rica,CRI,9080
Costa Rica,CRI,9486
Costa Rica,CRI,9647
Cuba,CUB,170
Cuba,CUB,-137
Cuba,CUB,742
Cuba,CUB,1139
Cuba,CUB,638
Cuba,CUB,-20
Cuba,CUB,-446
Cuba,CUB,-575
Cuba,CUB,-1451
Cuba,CUB,-1634
Cuba,CUB,-1702
Cuba,CUB,-234
Cuba,CUB,-349
Cuba,CUB,-107
Cuba,CUB,181
Cuba,CUB,949
Cuba,CUB,2002
Cuba,CUB,3078
Cuba,CUB,6609
Cuba,CUB,11651
Cuba,CUB,15926
Cuba,CUB,17986
Cuba,CUB,18113
Cuba,CUB,18160
Cyprus,CYP,80
Cyprus,CYP,42
Cyprus,CYP,45
Cyprus,CYP,21
Cyprus,CYP,127
Cyprus,CYP,113
Cyprus,CYP,125
Cyprus,CYP,98
Cyprus,CYP,99
Cyprus,CYP,117
Cyprus,CYP,127
Cyprus,CYP,193
Cyprus,CYP,259
Cyprus,CYP,174
Cyprus,CYP,162
Cyprus,CYP,288
Cyprus,CYP,337
Cyprus,CYP,371
Cyprus,CYP,543
Cyprus,CYP,781
Cyprus,CYP,894
Cyprus,CYP,972
Cyprus,CYP,1039
Cyprus,CYP,1009
Czechia,CZE,-120
Czechia,CZE,-891
Czechia,CZE,-1012
Czechia,CZE,-1400
Czechia,CZE,-1789
Czechia,CZE,-1913
Czechia,CZE,-1835
Czechia,CZE,-1593
Czechia,CZE,-1253
Czechia,CZE,3590
Czechia,CZE,9639
Czechia,CZE,13448
Czechia,CZE,19165
Czechia,CZE,22257
Czechia,CZE,28524
Czechia,CZE,30422
Czechia,CZE,30666
Czechia,CZE,30157
Czechia,CZE,29942
Czechia,CZE,29564
Czechia,CZE,29411
Czechia,CZE,30290
Czechia,CZE,33585
Czechia,CZE,37039
Germany,DEU,2628
Germany,DEU,-2960
Germany,DEU,-204
Germany,DEU,5195
Germany,DEU,8502
Germany,DEU,9980
Germany,DEU,11788
Germany,DEU,19148
Germany,DEU,23038
Germany,DEU,30158
Germany,DEU,40578
Germany,DEU,66794
Germany,DEU,93447
Germany,DEU,92041
Germany,DEU,91483
Germany,DEU,98079
Germany,DEU,108330
Germany,DEU,116239
Germany,DEU,122900
Germany,DEU,129855
Germany,DEU,139226
Germany,DEU,153333
Germany,DEU,173352
Germany,DEU,194988
Djibouti,DJI,48
Djibouti,DJI,86
Djibouti,DJI,123
Djibouti,DJI,115
Djibouti,DJI,220
Djibouti,DJI,437
Djibouti,DJI,553
Djibouti,DJI,625
Djibouti,DJI,657
Djibouti,DJI,670
Djibouti,DJI,689
Djibouti,DJI,703
Djibouti,DJI,741
Djibouti,DJI,791
Djibouti,DJI,880
Djibouti,DJI,1140
Djibouti,DJI,1267
Djibouti,DJI,1347
Djibouti,DJI,1429
Djibouti,DJI,1493
Djibouti,DJI,1582
Djibouti,DJI,1667
Djibouti,DJI,1718
Djibouti,DJI,1767
Dominica,DMA,-2
Dominica,DMA,-5
Dominica,DMA,-7
Dominica,DMA,-19
Dominica,DMA,-29
Dominica,DMA,-37
Dominica,DMA,-41
Dominica,DMA,-42
Dominica,DMA,-45
Dominica,DMA,-48
Dominica,DMA,-52
Dominica,DMA,-55
Dominica,DMA,-57
Dominica,DMA,-60
Dominica,DMA,-63
Dominica,DMA,-65
Dominica,DMA,-66
Dominica,DMA,-68
Dominica,DMA,-71
Dominica,DMA,-60
Dominica,DMA,-38
Dominica,DMA,-10
Dominica,DMA,0
Dominica,DMA,15
Denmark,DNK,-22
Denmark,DNK,-454
Denmark,DNK,-605
Denmark,DNK,-418
Denmark,DNK,-450
Denmark,DNK,-459
Denmark,DNK,-398
Denmark,DNK,-344
Denmark,DNK,-214
Denmark,DNK,-137
Denmark,DNK,29
Denmark,DNK,449
Denmark,DNK,1089
Denmark,DNK,649
Denmark,DNK,93
Denmark,DNK,-62
Denmark,DNK,237
Denmark,DNK,461
Denmark,DNK,809
Denmark,DNK,1339
Denmark,DNK,1783
Denmark,DNK,2408
Denmark,DNK,2956
Denmark,DNK,3716
Dominican Republic,DOM,466
Dominican Republic,DOM,188
Dominican Republic,DOM,-478
Dominican Republic,DOM,-2105
Dominican Republic,DOM,-3298
Dominican Republic,DOM,-3173
Dominican Republic,DOM,-1331
Dominican Republic,DOM,-136
Dominican Republic,DOM,-600
Dominican Republic,DOM,-59
Dominican Republic,DOM,436
Dominican Republic,DOM,1075
Dominican Republic,DOM,2452
Dominican Republic,DOM,4107
Dominican Republic,DOM,5208
Dominican Republic,DOM,6214
Dominican Republic,DOM,7297
Dominican Republic,DOM,8616
Dominican Republic,DOM,9585
Dominican Republic,DOM,10038
Dominican Republic,DOM,10388
Dominican Republic,DOM,10952
Dominican Republic,DOM,11436
Dominican Republic,DOM,11873
Algeria,DZA,435
Algeria,DZA,-173
Algeria,DZA,71
Algeria,DZA,85
Algeria,DZA,250
Algeria,DZA,4058
Algeria,DZA,23212
Algeria,DZA,32593
Algeria,DZA,35264
Algeria,DZA,39275
Algeria,DZA,50692
Algeria,DZA,55861
Algeria,DZA,56198
Algeria,DZA,56219
Algeria,DZA,56371
Algeria,DZA,56670
Algeria,DZA,57589
Algeria,DZA,59316
Algeria,DZA,62253
Algeria,DZA,65765
Algeria,DZA,67539
Algeria,DZA,67853
Algeria,DZA,68541
Algeria,DZA,69587
Ecuador,ECU,372
Ecuador,ECU,306
Ecuador,ECU,5788
Ecuador,ECU,21316
Ecuador,ECU,25764
Ecuador,ECU,29121
Ecuador,ECU,34491
Ecuador,ECU,38921
Ecuador,ECU,41177
Ecuador,ECU,43016
Ecuador,ECU,44537
Ecuador,ECU,46402
Ecuador,ECU,50196
Ecuador,ECU,53235
Ecuador,ECU,58755
Ecuador,ECU,66489
Ecuador,ECU,71813
Ecuador,ECU,74220
Ecuador,ECU,76348
Ecuador,ECU,77469
Ecuador,ECU,78157
Ecuador,ECU,78855
Ecuador,ECU,79513
Ecuador,ECU,80868
Egypt,EGY,650
Egypt,EGY,58
Egypt,EGY,2260
Egypt,EGY,378
Egypt,EGY,12882
Egypt,EGY,47456
Egypt,EGY,60196
Egypt,EGY,66526
Egypt,EGY,71516
Egypt,EGY,73830
Egypt,EGY,78368
Egypt,EGY,90949
Egypt,EGY,104973
Egypt,EGY,108190
Egypt,EGY,122049
Egypt,EGY,145922
Egypt,EGY,175684
Egypt,EGY,185046
Egypt,EGY,191372
Egypt,EGY,196819
Egypt,EGY,208563
Egypt,EGY,229699
Egypt,EGY,243149
Egypt,EGY,251102
Eritrea,ERI,148
Eritrea,ERI,302
Eritrea,ERI,351
Eritrea,ERI,187
Eritrea,ERI,102
Eritrea,ERI,131
Eritrea,ERI,236
Eritrea,ERI,327
Eritrea,ERI,318
Eritrea,ERI,261
Eritrea,ERI,223
Eritrea,ERI,295
Eritrea,ERI,422
Eritrea,ERI,527
Eritrea,ERI,673
Eritrea,ERI,807
Eritrea,ERI,996
Eritrea,ERI,1275
Eritrea,ERI,1563
Eritrea,ERI,1806
Eritrea,ERI,1967
Eritrea,ERI,2052
Eritrea,ERI,2193
Eritrea,ERI,2413
Spain,ESP,1698
Spain,ESP,-1864
Spain,ESP,21000
Spain,ESP,46759
Spain,ESP,48636
Spain,ESP,47127
Spain,ESP,49002
Spain,ESP,53160
Spain,ESP,57243
Spain,ESP,65136
Spain,ESP,72354
Spain,ESP,72576
Spain,ESP,84690
Spain,ESP,85457
Spain,ESP,84986
Spain,ESP,85274
Spain,ESP,86550
Spain,ESP,86882
Spain,ESP,89347
Spain,ESP,95918
Spain,ESP,98681
Spain,ESP,100453
Spain,ESP,102551
Spain,ESP,103937
Estonia,EST,-23
Estonia,EST,-149
Estonia,EST,-123
Estonia,EST,-112
Estonia,EST,-72
Estonia,EST,-92
Estonia,EST,-23
Estonia,EST,35
Estonia,EST,89
Estonia,EST,118
Estonia,EST,135
Estonia,EST,300
Estonia,EST,586
Estonia,EST,658
Estonia,EST,1102
Estonia,EST,1373
Estonia,EST,1557
Estonia,EST,1728
Estonia,EST,1923
Estonia,EST,2067
Estonia,EST,2277
Estonia,EST,2654
Estonia,EST,3076
Estonia,EST,3374
Ethiopia,ETH,4604
Ethiopia,ETH,7595
Ethiopia,ETH,7147
Ethiopia,ETH,4128
Ethiopia,ETH,2389
Ethiopia,ETH,3532
Ethiopia,ETH,6137
Ethiopia,ETH,11342
Ethiopia,ETH,15004
Ethiopia,ETH,19045
Ethiopia,ETH,23007
Ethiopia,ETH,27373
Ethiopia,ETH,31314
Ethiopia,ETH,38144
Ethiopia,ETH,48632
Ethiopia,ETH,60621
Ethiopia,ETH,67954
Ethiopia,ETH,72165
Ethiopia,ETH,75238
Ethiopia,ETH,81163
Ethiopia,ETH,89334
Ethiopia,ETH,96209
Ethiopia,ETH,100265
Ethiopia,ETH,103496
Finland,FIN,-348
Finland,FIN,-487
Finland,FIN,-441
Finland,FIN,-185
Finland,FIN,12
Finland,FIN,175
Finland,FIN,231
Finland,FIN,312
Finland,FIN,541
Finland,FIN,643
Finland,FIN,756
Finland,FIN,747
Finland,FIN,745
Finland,FIN,494
Finland,FIN,255
Finland,FIN,53
Finland,FIN,225
Finland,FIN,342
Finland,FIN,733
Finland,FIN,1193
Finland,FIN,1609
Finland,FIN,2116
Finland,FIN,2579
Finland,FIN,2857
Fiji,FJI,-31
Fiji,FJI,-84
Fiji,FJI,-146
Fiji,FJI,-261
Fiji,FJI,-355
Fiji,FJI,-429
Fiji,FJI,-485
Fiji,FJI,-513
Fiji,FJI,-577
Fiji,FJI,-648
Fiji,FJI,-717
Fiji,FJI,-781
Fiji,FJI,-842
Fiji,FJI,-896
Fiji,FJI,-951
Fiji,FJI,-1001
Fiji,FJI,-1015
Fiji,FJI,-983
Fiji,FJI,-697
Fiji,FJI,-355
Fiji,FJI,-163
Fiji,FJI,-92
Fiji,FJI,-75
Fiji,FJI,-117
France,FRA,-396
France,FRA,-5484
France,FRA,3879
France,FRA,18776
France,FRA,19490
France,FRA,18606
France,FRA,18090
France,FRA,19887
France,FRA,21485
France,FRA,29717
France,FRA,42772
France,FRA,49179
France,FRA,57557
France,FRA,57492
France,FRA,60703
France,FRA,66531
France,FRA,69996
France,FRA,68570
France,FRA,68961
France,FRA,71477
France,FRA,72704
France,FRA,75728
France,FRA,76359
France,FRA,81850
Micronesia (Federated States of),FSM,0
Micronesia (Federated States of),FSM,-1
Micronesia (Federated States of),FSM,-3
Micronesia (Federated States of),FSM,-16
Micronesia (Federated States of),FSM,-25
Micronesia (Federated States of),FSM,-31
Micronesia (Federated States of),FSM,-34
Micronesia (Federated States of),FSM,-39
Micronesia (Federated States of),FSM,-44
Micronesia (Federated States of),FSM,-50
Micronesia (Federated States of),FSM,-57
Micronesia (Federated States of),FSM,-63
Micronesia (Federated States of),FSM,-69
Micronesia (Federated States of),FSM,-73
Micronesia (Federated States of),FSM,-78
Micronesia (Federated States of),FSM,-81
Micronesia (Federated States of),FSM,-83
Micronesia (Federated States of),FSM,-86
Micronesia (Federated States of),FSM,-88
Micronesia (Federated States of),FSM,-90
Micronesia (Federated States of),FSM,-95
Micronesia (Federated States of),FSM,-101
Micronesia (Federated States of),FSM,-107
Micronesia (Federated States of),FSM,-111
Gabon,GAB,54
Gabon,GAB,82
Gabon,GAB,73
Gabon,GAB,22
Gabon,GAB,55
Gabon,GAB,182
Gabon,GAB,249
Gabon,GAB,281
Gabon,GAB,274
Gabon,GAB,236
Gabon,GAB,238
Gabon,GAB,278
Gabon,GAB,335
Gabon,GAB,470
Gabon,GAB,653
Gabon,GAB,795
Gabon,GAB,901
Gabon,GAB,997
Gabon,GAB,1058
Gabon,GAB,1071
Gabon,GAB,1183
Gabon,GAB,1375
Gabon,GAB,1527
Gabon,GAB,1602
The United Kingdom,GBR,7520
The United Kingdom,GBR,3304
The United Kingdom,GBR,7317
The United Kingdom,GBR,52290
The United Kingdom,GBR,67765
The United Kingdom,GBR,68450
The United Kingdom,GBR,68041
The United Kingdom,GBR,69283
The United Kingdom,GBR,69272
The United Kingdom,GBR,73913
The United Kingdom,GBR,81543
The United Kingdom,GBR,85504
The United Kingdom,GBR,117283
The United Kingdom,GBR,127130
The United Kingdom,GBR,125540
The United Kingdom,GBR,120194
The United Kingdom,GBR,119017
The United Kingdom,GBR,117326
The United Kingdom,GBR,121173
The United Kingdom,GBR,127146
The United Kingdom,GBR,133291
The United Kingdom,GBR,141134
The United Kingdom,GBR,146571
The United Kingdom,GBR,148897
Georgia,GEO,374
Georgia,GEO,477
Georgia,GEO,405
Georgia,GEO,57
Georgia,GEO,136
Georgia,GEO,108
Georgia,GEO,386
Georgia,GEO,303
Georgia,GEO,325
Georgia,GEO,929
Georgia,GEO,3223
Georgia,GEO,5571
Georgia,GEO,6539
Georgia,GEO,6382
Georgia,GEO,6669
Georgia,GEO,6911
Georgia,GEO,7758
Georgia,GEO,8328
Georgia,GEO,9599
Georgia,GEO,12403
Georgia,GEO,15062
Georgia,GEO,17320
Georgia,GEO,21097
Georgia,GEO,24465
Ghana,GHA,960
Ghana,GHA,1810
Ghana,GHA,1437
Ghana,GHA,540
Ghana,GHA,430
Ghana,GHA,1530
Ghana,GHA,3080
Ghana,GHA,4789
Ghana,GHA,5448
Ghana,GHA,5684
Ghana,GHA,5966
Ghana,GHA,6461
Ghana,GHA,7657
Ghana,GHA,10161
Ghana,GHA,11990
Ghana,GHA,13041
Ghana,GHA,13660
Ghana,GHA,14340
Ghana,GHA,15278
Ghana,GHA,17095
Ghana,GHA,18624
Ghana,GHA,19115
Ghana,GHA,19738
Ghana,GHA,20907
Guinea,GIN,604
Guinea,GIN,950
Guinea,GIN,1113
Guinea,GIN,972
Guinea,GIN,1073
Guinea,GIN,1307
Guinea,GIN,1928
Guinea,GIN,2541
Guinea,GIN,2869
Guinea,GIN,3176
Guinea,GIN,3458
Guinea,GIN,3931
Guinea,GIN,4475
Guinea,GIN,5427
Guinea,GIN,6404
Guinea,GIN,7215
Guinea,GIN,7881
Guinea,GIN,8523
Guinea,GIN,9612
Guinea,GIN,10821
Guinea,GIN,11584
Guinea,GIN,11876
Guinea,GIN,12037
Guinea,GIN,12530
Gambia,GMB,92
Gambia,GMB,157
Gambia,GMB,256
Gambia,GMB,184
Gambia,GMB,155
Gambia,GMB,234
Gambia,GMB,413
Gambia,GMB,739
Gambia,GMB,843
Gambia,GMB,883
Gambia,GMB,936
Gambia,GMB,1001
Gambia,GMB,1114
Gambia,GMB,1323
Gambia,GMB,1517
Gambia,GMB,1681
Gambia,GMB,1803
Gambia,GMB,1916
Gambia,GMB,2204
Gambia,GMB,2585
Gambia,GMB,2728
Gambia,GMB,2781
Gambia,GMB,2836
Gambia,GMB,2904
Guinea-Bissau,GNB,95
Guinea-Bissau,GNB,188
Guinea-Bissau,GNB,268
Guinea-Bissau,GNB,225
Guinea-Bissau,GNB,313
Guinea-Bissau,GNB,535
Guinea-Bissau,GNB,658
Guinea-Bissau,GNB,812
Guinea-Bissau,GNB,917
Guinea-Bissau,GNB,960
Guinea-Bissau,GNB,1013
Guinea-Bissau,GNB,1098
Guinea-Bissau,GNB,1150
Guinea-Bissau,GNB,1308
Guinea-Bissau,GNB,1520
Guinea-Bissau,GNB,1687
Guinea-Bissau,GNB,1796
Guinea-Bissau,GNB,1921
Guinea-Bissau,GNB,2107
Guinea-Bissau,GNB,2400
Guinea-Bissau,GNB,2575
Guinea-Bissau,GNB,2674
Guinea-Bissau,GNB,2768
Guinea-Bissau,GNB,2841
Equatorial Guinea,GNQ,46
Equatorial Guinea,GNQ,103
Equatorial Guinea,GNQ,154
Equatorial Guinea,GNQ,121
Equatorial Guinea,GNQ,202
Equatorial Guinea,GNQ,190
Equatorial Guinea,GNQ,384
Equatorial Guinea,GNQ,592
Equatorial Guinea,GNQ,599
Equatorial Guinea,GNQ,603
Equatorial Guinea,GNQ,647
Equatorial Guinea,GNQ,695
Equatorial Guinea,GNQ,732
Equatorial Guinea,GNQ,847
Equatorial Guinea,GNQ,978
Equatorial Guinea,GNQ,1082
Equatorial Guinea,GNQ,1161
Equatorial Guinea,GNQ,1238
Equatorial Guinea,GNQ,1288
Equatorial Guinea,GNQ,1324
Equatorial Guinea,GNQ,1471
Equatorial Guinea,GNQ,1598
Equatorial Guinea,GNQ,1667
Equatorial Guinea,GNQ,1719
Greece,GRC,574
Greece,GRC,390
Greece,GRC,738
Greece,GRC,296
Greece,GRC,205
Greece,GRC,-166
Greece,GRC,-89
Greece,GRC,297
Greece,GRC,634
Greece,GRC,839
Greece,GRC,3033
Greece,GRC,4043
Greece,GRC,3291
Greece,GRC,2056
Greece,GRC,3212
Greece,GRC,4966
Greece,GRC,6445
Greece,GRC,7408
Greece,GRC,8866
Greece,GRC,11927
Greece,GRC,13383
Greece,GRC,14832
Greece,GRC,17088
Greece,GRC,19394
Grenada,GRD,-20
Grenada,GRD,-41
Grenada,GRD,-60
Grenada,GRD,-90
Grenada,GRD,-118
Grenada,GRD,-139
Grenada,GRD,-157
Grenada,GRD,-174
Grenada,GRD,-195
Grenada,GRD,-216
Grenada,GRD,-238
Grenada,GRD,-253
Grenada,GRD,-272
Grenada,GRD,-290
Grenada,GRD,-307
Grenada,GRD,-324
Grenada,GRD,-340
Grenada,GRD,-355
Grenada,GRD,-373
Grenada,GRD,-391
Grenada,GRD,-283
Grenada,GRD,-234
Grenada,GRD,-247
Grenada,GRD,-267
Guatemala,GTM,-365
Guatemala,GTM,-1142
Guatemala,GTM,-2083
Guatemala,GTM,-3890
Guatemala,GTM,-4904
Guatemala,GTM,-3088
Guatemala,GTM,2233
Guatemala,GTM,5106
Guatemala,GTM,6250
Guatemala,GTM,7204
Guatemala,GTM,8041
Guatemala,GTM,8749
Guatemala,GTM,9915
Guatemala,GTM,9691
Guatemala,GTM,10708
Guatemala,GTM,12716
Guatemala,GTM,14972
Guatemala,GTM,17194
Guatemala,GTM,21471
Guatemala,GTM,28171
Guatemala,GTM,37319
Guatemala,GTM,43493
Guatemala,GTM,46983
Guatemala,GTM,49396
Guyana,GUY,-7
Guyana,GUY,-32
Guyana,GUY,-50
Guyana,GUY,-77
Guyana,GUY,-114
Guyana,GUY,-136
Guyana,GUY,-70
Guyana,GUY,29
Guyana,GUY,165
Guyana,GUY,274
Guyana,GUY,338
Guyana,GUY,396
Guyana,GUY,439
Guyana,GUY,515
Guyana,GUY,647
Guyana,GUY,865
Guyana,GUY,1130
Guyana,GUY,1373
Guyana,GUY,1582
Guyana,GUY,1803
Guyana,GUY,2191
Guyana,GUY,2477
Guyana,GUY,2661
Guyana,GUY,2811
Honduras,HND,158
Honduras,HND,279
Honduras,HND,-241
Honduras,HND,-342
Honduras,HND,-9
Honduras,HND,938
Honduras,HND,2854
Honduras,HND,4372
Honduras,HND,5404
Honduras,HND,6100
Honduras,HND,6689
Honduras,HND,7285
Honduras,HND,8488
Honduras,HND,9831
Honduras,HND,11078
Honduras,HND,12566
Honduras,HND,14608
Honduras,HND,16123
Honduras,HND,17671
Honduras,HND,19410
Honduras,HND,20947
Honduras,HND,21920
Honduras,HND,22451
Honduras,HND,22662
Croatia,HRV,-47
Croatia,HRV,-395
Croatia,HRV,-169
Croatia,HRV,-352
Croatia,HRV,-491
Croatia,HRV,-443
Croatia,HRV,-261
Croatia,HRV,-90
Croatia,HRV,185
Croatia,HRV,938
Croatia,HRV,2733
Croatia,HRV,5503
Croatia,HRV,6619
Croatia,HRV,6484
Croatia,HRV,6785
Croatia,HRV,8123
Croatia,HRV,9274
Croatia,HRV,9890
Croatia,HRV,10237
Croatia,HRV,10673
Croatia,HRV,11433
Croatia,HRV,12690
Croatia,HRV,15125
Croatia,HRV,17176
Haiti,HTI,264
Haiti,HTI,457
Haiti,HTI,-20
Haiti,HTI,-617
Haiti,HTI,-831
Haiti,HTI,-161
Haiti,HTI,591
Haiti,HTI,1811
Haiti,HTI,2366
Haiti,HTI,2538
Haiti,HTI,2567
Haiti,HTI,2865
Haiti,HTI,3452
Haiti,HTI,3935
Haiti,HTI,4166
Haiti,HTI,4651
Haiti,HTI,5902
Haiti,HTI,6990
Haiti,HTI,7863
Haiti,HTI,8315
Haiti,HTI,8671
Haiti,HTI,9029
Haiti,HTI,9374
Haiti,HTI,9609
Hungary,HUN,-246
Hungary,HUN,-1341
Hungary,HUN,-1403
Hungary,HUN,-1641
Hungary,HUN,-1810
Hungary,HUN,-1951
Hungary,HUN,-2137
Hungary,HUN,-2155
Hungary,HUN,-1876
Hungary,HUN,306
Hungary,HUN,6077
Hungary,HUN,11071
Hungary,HUN,12763
Hungary,HUN,12449
Hungary,HUN,18832
Hungary,HUN,23495
Hungary,HUN,24469
Hungary,HUN,25109
Hungary,HUN,25598
Hungary,HUN,25470
Hungary,HUN,25728
Hungary,HUN,27328
Hungary,HUN,32237
Hungary,HUN,36497
Indonesia,IDN,25281
Indonesia,IDN,37911
Indonesia,IDN,-8736
Indonesia,IDN,-53498
Indonesia,IDN,-69220
Indonesia,IDN,19430
Indonesia,IDN,90280
Indonesia,IDN,126807
Indonesia,IDN,173937
Indonesia,IDN,205645
Indonesia,IDN,296943
Indonesia,IDN,357988
Indonesia,IDN,458372
Indonesia,IDN,562378
Indonesia,IDN,670559
Indonesia,IDN,737861
Indonesia,IDN,746508
Indonesia,IDN,828059
Indonesia,IDN,911097
Indonesia,IDN,992113
Indonesia,IDN,1016353
Indonesia,IDN,1022239
Indonesia,IDN,1024785
Indonesia,IDN,1028565
India,IND,106665
India,IND,70652
India,IND,-44901
India,IND,-298636
India,IND,-382702
India,IND,-364215
India,IND,-284548
India,IND,-61983
India,IND,251033
India,IND,481543
India,IND,617112
India,IND,832531
India,IND,1047965
India,IND,1170208
India,IND,1223393
India,IND,1557357
India,IND,2861552
India,IND,3945035
India,IND,4380078
India,IND,4425699
India,IND,4411222
India,IND,4482803
India,IND,4599799
India,IND,4740894
Ireland,IRL,-97
Ireland,IRL,-292
Ireland,IRL,-218
Ireland,IRL,672
Ireland,IRL,824
Ireland,IRL,688
Ireland,IRL,653
Ireland,IRL,686
Ireland,IRL,659
Ireland,IRL,830
Ireland,IRL,729
Ireland,IRL,422
Ireland,IRL,1301
Ireland,IRL,1608
Ireland,IRL,1425
Ireland,IRL,1325
Ireland,IRL,1429
Ireland,IRL,1383
Ireland,IRL,1639
Ireland,IRL,1875
Ireland,IRL,2124
Ireland,IRL,2494
Ireland,IRL,2862
Ireland,IRL,2922
Iran (Islamic Republic of),IRN,-3652
Iran (Islamic Republic of),IRN,-3626
Iran (Islamic Republic of),IRN,5652
Iran (Islamic Republic of),IRN,11367
Iran (Islamic Republic of),IRN,12633
Iran (Islamic Republic of),IRN,20562
Iran (Islamic Republic of),IRN,33774
Iran (Islamic Republic of),IRN,45325
Iran (Islamic Republic of),IRN,53889
Iran (Islamic Republic of),IRN,72157
Iran (Islamic Republic of),IRN,99196
Iran (Islamic Republic of),IRN,108919
Iran (Islamic Republic of),IRN,109580
Iran (Islamic Republic of),IRN,109275
Iran (Islamic Republic of),IRN,112068
Iran (Islamic Republic of),IRN,127145
Iran (Islamic Republic of),IRN,142091
Iran (Islamic Republic of),IRN,149326
Iran (Islamic Republic of),IRN,158766
Iran (Islamic Republic of),IRN,191588
Iran (Islamic Republic of),IRN,217257
Iran (Islamic Republic of),IRN,229198
Iran (Islamic Republic of),IRN,233181
Iran (Islamic Republic of),IRN,232153
Iraq,IRQ,-1009
Iraq,IRQ,-888
Iraq,IRQ,-1110
Iraq,IRQ,-2405
Iraq,IRQ,-2713
Iraq,IRQ,3523
Iraq,IRQ,14948
Iraq,IRQ,24530
Iraq,IRQ,32707
Iraq,IRQ,38161
Iraq,IRQ,40047
Iraq,IRQ,40400
Iraq,IRQ,40944
Iraq,IRQ,41706
Iraq,IRQ,43774
Iraq,IRQ,46798
Iraq,IRQ,49322
Iraq,IRQ,51697
Iraq,IRQ,55285
Iraq,IRQ,59452
Iraq,IRQ,62033
Iraq,IRQ,63873
Iraq,IRQ,65501
Iraq,IRQ,66735
Iceland,ISL,32
Iceland,ISL,27
Iceland,ISL,24
Iceland,ISL,35
Iceland,ISL,39
Iceland,ISL,0
Iceland,ISL,-13
Iceland,ISL,-36
Iceland,ISL,-41
Iceland,ISL,-9
Iceland,ISL,-9
Iceland,ISL,-3
Iceland,ISL,10
Iceland,ISL,-2
Iceland,ISL,-14
Iceland,ISL,-9
Iceland,ISL,-16
Iceland,ISL,-12
Iceland,ISL,3
Iceland,ISL,13
Iceland,ISL,-15
Iceland,ISL,-38
Iceland,ISL,-33
Iceland,ISL,-11
Israel,ISR,74
Israel,ISR,-243
Israel,ISR,-161
Israel,ISR,-50
Israel,ISR,150
Israel,ISR,103
Israel,ISR,330
Israel,ISR,782
Israel,ISR,1535
Israel,ISR,2463
Israel,ISR,2466
Israel,ISR,2432
Israel,ISR,3426
Israel,ISR,3583
Israel,ISR,3867
Israel,ISR,4003
Israel,ISR,4135
Israel,ISR,4157
Israel,ISR,4325
Israel,ISR,5250
Israel,ISR,6017
Israel,ISR,6421
Israel,ISR,6308
Israel,ISR,6177
Italy,ITA,-660
Italy,ITA,-3683
Italy,ITA,26740
Italy,ITA,46224
Italy,ITA,48262
Italy,ITA,47600
Italy,ITA,47757
Italy,ITA,50552
Italy,ITA,52342
Italy,ITA,62188
Italy,ITA,87666
Italy,ITA,100431
Italy,ITA,112453
Italy,ITA,112382
Italy,ITA,123716
Italy,ITA,134173
Italy,ITA,138589
Italy,ITA,141193
Italy,ITA,143417
Italy,ITA,149497
Italy,ITA,152680
Italy,ITA,156745
Italy,ITA,158160
Italy,ITA,160801
Jamaica,JAM,-103
Jamaica,JAM,-373
Jamaica,JAM,-527
Jamaica,JAM,-664
Jamaica,JAM,-819
Jamaica,JAM,-945
Jamaica,JAM,-1062
Jamaica,JAM,-1042
Jamaica,JAM,-971
Jamaica,JAM,-932
Jamaica,JAM,-986
Jamaica,JAM,-902
Jamaica,JAM,-759
Jamaica,JAM,-499
Jamaica,JAM,27
Jamaica,JAM,465
Jamaica,JAM,803
Jamaica,JAM,1059
Jamaica,JAM,1323
Jamaica,JAM,2004
Jamaica,JAM,2653
Jamaica,JAM,3174
Jamaica,JAM,3443
Jamaica,JAM,3592
Jordan,JOR,475
Jordan,JOR,331
Jordan,JOR,333
Jordan,JOR,73
Jordan,JOR,165
Jordan,JOR,17
Jordan,JOR,-110
Jordan,JOR,-188
Jordan,JOR,-242
Jordan,JOR,699
Jordan,JOR,3012
Jordan,JOR,3640
Jordan,JOR,4136
Jordan,JOR,4521
Jordan,JOR,5937
Jordan,JOR,7249
Jordan,JOR,7901
Jordan,JOR,8429
Jordan,JOR,8879
Jordan,JOR,9380
Jordan,JOR,9829
Jordan,JOR,10290
Jordan,JOR,10985
Jordan,JOR,11929
Japan,JPN,-2884
Japan,JPN,-9663
Japan,JPN,-14457
Japan,JPN,-15910
Japan,JPN,-18865
Japan,JPN,-22191
Japan,JPN,-25975
Japan,JPN,-25289
Japan,JPN,-26416
Japan,JPN,-25070
Japan,JPN,-27892
Japan,JPN,-30139
Japan,JPN,-27327
Japan,JPN,-34534
Japan,JPN,-37278
Japan,JPN,-36037
Japan,JPN,-30956
Japan,JPN,-27909
Japan,JPN,-26249
Japan,JPN,-21468
Japan,JPN,-16552
Japan,JPN,-14772
Japan,JPN,-15524
Japan,JPN,-19471
Kazakhstan,KAZ,690
Kazakhstan,KAZ,567
Kazakhstan,KAZ,609
Kazakhstan,KAZ,-345
Kazakhstan,KAZ,-577
Kazakhstan,KAZ,5335
Kazakhstan,KAZ,25000
Kazakhstan,KAZ,26809
Kazakhstan,KAZ,26711
Kazakhstan,KAZ,26926
Kazakhstan,KAZ,27344
Kazakhstan,KAZ,28494
Kazakhstan,KAZ,30364
Kazakhstan,KAZ,30226
Kazakhstan,KAZ,31106
Kazakhstan,KAZ,33136
Kazakhstan,KAZ,36402
Kazakhstan,KAZ,38128
Kazakhstan,KAZ,45073
Kazakhstan,KAZ,58974
Kazakhstan,KAZ,65762
Kazakhstan,KAZ,71033
Kazakhstan,KAZ,73147
Kazakhstan,KAZ,76215
Kenya,KEN,-4528
Kenya,KEN,-7454
Kenya,KEN,-9045
Kenya,KEN,-13186
Kenya,KEN,-15777
Kenya,KEN,-18286
Kenya,KEN,-18978
Kenya,KEN,-19765
Kenya,KEN,-21450
Kenya,KEN,-20958
Kenya,KEN,-18505
Kenya,KEN,-12514
Kenya,KEN,-11100
Kenya,KEN,-10315
Kenya,KEN,-2133
Kenya,KEN,3445
Kenya,KEN,7337
Kenya,KEN,13065
Kenya,KEN,20906
Kenya,KEN,31390
Kenya,KEN,35224
Kenya,KEN,35213
Kenya,KEN,28742
Kenya,KEN,12351
Kyrgyzstan,KGZ,44
Kyrgyzstan,KGZ,300
Kyrgyzstan,KGZ,-66
Kyrgyzstan,KGZ,-1530
Kyrgyzstan,KGZ,-1394
Kyrgyzstan,KGZ,-496
Kyrgyzstan,KGZ,669
Kyrgyzstan,KGZ,2579
Kyrgyzstan,KGZ,3423
Kyrgyzstan,KGZ,4079
Kyrgyzstan,KGZ,5426
Kyrgyzstan,KGZ,6647
Kyrgyzstan,KGZ,6578
Kyrgyzstan,KGZ,6539
Kyrgyzstan,KGZ,6901
Kyrgyzstan,KGZ,7191
Kyrgyzstan,KGZ,7262
Kyrgyzstan,KGZ,7953
Kyrgyzstan,KGZ,8897
Kyrgyzstan,KGZ,10023
Kyrgyzstan,KGZ,10750
Kyrgyzstan,KGZ,11221
Kyrgyzstan,KGZ,11778
Kyrgyzstan,KGZ,12313
Cambodia,KHM,406
Cambodia,KHM,723
Cambodia,KHM,600
Cambodia,KHM,198
Cambodia,KHM,29
Cambodia,KHM,340
Cambodia,KHM,754
Cambodia,KHM,961
Cambodia,KHM,1011
Cambodia,KHM,878
Cambodia,KHM,723
Cambodia,KHM,638
Cambodia,KHM,625
Cambodia,KHM,723
Cambodia,KHM,1012
Cambodia,KHM,1724
Cambodia,KHM,2901
Cambodia,KHM,4541
Cambodia,KHM,6697
Cambodia,KHM,8367
Cambodia,KHM,9966
Cambodia,KHM,11349
Cambodia,KHM,11983
Cambodia,KHM,12518
Kiribati,KIR,-1
Kiribati,KIR,-4
Kiribati,KIR,-7
Kiribati,KIR,-14
Kiribati,KIR,-17
Kiribati,KIR,-15
Kiribati,KIR,-15
Kiribati,KIR,-15
Kiribati,KIR,-17
Kiribati,KIR,-22
Kiribati,KIR,-27
Kiribati,KIR,-31
Kiribati,KIR,-34
Kiribati,KIR,-34
Kiribati,KIR,-36
Kiribati,KIR,-35
Kiribati,KIR,-33
Kiribati,KIR,-34
Kiribati,KIR,-32
Kiribati,KIR,-31
Kiribati,KIR,-34
Kiribati,KIR,-38
Kiribati,KIR,-42
Kiribati,KIR,-45
Saint Kitts and Nevis,KNA,-12
Saint Kitts and Nevis,KNA,-25
Saint Kitts and Nevis,KNA,-35
Saint Kitts and Nevis,KNA,-49
Saint Kitts and Nevis,KNA,-59
Saint Kitts and Nevis,KNA,-66
Saint Kitts and Nevis,KNA,-72
Saint Kitts and Nevis,KNA,-81
Saint Kitts and Nevis,KNA,-92
Saint Kitts and Nevis,KNA,-103
Saint Kitts and Nevis,KNA,-118
Saint Kitts and Nevis,KNA,-131
Saint Kitts and Nevis,KNA,-142
Saint Kitts and Nevis,KNA,-154
Saint Kitts and Nevis,KNA,-164
Saint Kitts and Nevis,KNA,-174
Saint Kitts and Nevis,KNA,-183
Saint Kitts and Nevis,KNA,-184
Saint Kitts and Nevis,KNA,-193
Saint Kitts and Nevis,KNA,-202
Saint Kitts and Nevis,KNA,-198
Saint Kitts and Nevis,KNA,-194
Saint Kitts and Nevis,KNA,-197
Saint Kitts and Nevis,KNA,-207
Republic of Korea,KOR,1317
Republic of Korea,KOR,250
Republic of Korea,KOR,12
Republic of Korea,KOR,-657
Republic of Korea,KOR,-958
Republic of Korea,KOR,-1337
Republic of Korea,KOR,-1198
Republic of Korea,KOR,44
Republic of Korea,KOR,72
Republic of Korea,KOR,1157
Republic of Korea,KOR,432
Republic of Korea,KOR,248
Republic of Korea,KOR,-180
Republic of Korea,KOR,-3497
Republic of Korea,KOR,-3657
Republic of Korea,KOR,-4480
Republic of Korea,KOR,-4056
Republic of Korea,KOR,-4194
Republic of Korea,KOR,-2808
Republic of Korea,KOR,-1458
Republic of Korea,KOR,-794
Republic of Korea,KOR,1056
Republic of Korea,KOR,2483
Republic of Korea,KOR,6288
Kuwait,KWT,-167
Kuwait,KWT,-217
Kuwait,KWT,-241
Kuwait,KWT,-157
Kuwait,KWT,658
Kuwait,KWT,1356
Kuwait,KWT,1851
Kuwait,KWT,2210
Kuwait,KWT,2536
Kuwait,KWT,2872
Kuwait,KWT,3115
Kuwait,KWT,3177
Kuwait,KWT,3141
Kuwait,KWT,3153
Kuwait,KWT,3255
Kuwait,KWT,3396
Kuwait,KWT,3575
Kuwait,KWT,3786
Kuwait,KWT,4050
Kuwait,KWT,4192
Kuwait,KWT,4247
Kuwait,KWT,4252
Kuwait,KWT,4241
Kuwait,KWT,4240
Lao People's Democratic Republic,LAO,181
Lao People's Democratic Republic,LAO,306
Lao People's Democratic Republic,LAO,349
Lao People's Democratic Republic,LAO,-179
Lao People's Democratic Republic,LAO,-487
Lao People's Democratic Republic,LAO,-500
Lao People's Democratic Republic,LAO,-358
Lao People's Democratic Republic,LAO,-268
Lao People's Democratic Republic,LAO,-259
Lao People's Democratic Republic,LAO,-297
Lao People's Democratic Republic,LAO,-324
Lao People's Democratic Republic,LAO,-274
Lao People's Democratic Republic,LAO,-305
Lao People's Democratic Republic,LAO,-307
Lao People's Democratic Republic,LAO,-271
Lao People's Democratic Republic,LAO,-200
Lao People's Democratic Republic,LAO,-146
Lao People's Democratic Republic,LAO,-135
Lao People's Democratic Republic,LAO,40
Lao People's Democratic Republic,LAO,301
Lao People's Democratic Republic,LAO,378
Lao People's Democratic Republic,LAO,649
Lao People's Democratic Republic,LAO,1100
Lao People's Democratic Republic,LAO,1756
Lebanon,LBN,678
Lebanon,LBN,789
Lebanon,LBN,511
Lebanon,LBN,-176
Lebanon,LBN,-148
Lebanon,LBN,-485
Lebanon,LBN,-530
Lebanon,LBN,-230
Lebanon,LBN,145
Lebanon,LBN,1178
Lebanon,LBN,2175
Lebanon,LBN,3413
Lebanon,LBN,6410
Lebanon,LBN,8998
Lebanon,LBN,12173
Lebanon,LBN,14026
Lebanon,LBN,14416
Lebanon,LBN,14296
Lebanon,LBN,14539
Lebanon,LBN,15495
Lebanon,LBN,16228
Lebanon,LBN,16564
Lebanon,LBN,17241
Lebanon,LBN,18520
Liberia,LBR,174
Liberia,LBR,322
Liberia,LBR,386
Liberia,LBR,459
Liberia,LBR,487
Liberia,LBR,631
Liberia,LBR,998
Liberia,LBR,1209
Liberia,LBR,1229
Liberia,LBR,1217
Liberia,LBR,1274
Liberia,LBR,1354
Liberia,LBR,1531
Liberia,LBR,1785
Liberia,LBR,1983
Liberia,LBR,2107
Liberia,LBR,2238
Liberia,LBR,2669
Liberia,LBR,2994
Liberia,LBR,3529
Liberia,LBR,3881
Liberia,LBR,3916
Liberia,LBR,3939
Liberia,LBR,4043
Libya,LBY,17
Libya,LBY,-27
Libya,LBY,-172
Libya,LBY,-462
Libya,LBY,-673
Libya,LBY,-639
Libya,LBY,-379
Libya,LBY,46
Libya,LBY,488
Libya,LBY,853
Libya,LBY,1459
Libya,LBY,1863
Libya,LBY,2310
Libya,LBY,2698
Libya,LBY,3257
Libya,LBY,3839
Libya,LBY,4123
Libya,LBY,4403
Libya,LBY,4991
Libya,LBY,5862
Libya,LBY,6418
Libya,LBY,6972
Libya,LBY,7471
Libya,LBY,7861
Saint Lucia,LCA,-6
Saint Lucia,LCA,-11
Saint Lucia,LCA,-19
Saint Lucia,LCA,-44
Saint Lucia,LCA,-65
Saint Lucia,LCA,-78
Saint Lucia,LCA,-85
Saint Lucia,LCA,-90
Saint Lucia,LCA,-99
Saint Lucia,LCA,-112
Saint Lucia,LCA,-113
Saint Lucia,LCA,-110
Saint Lucia,LCA,-90
Saint Lucia,LCA,-46
Saint Lucia,LCA,2
Saint Lucia,LCA,38
Saint Lucia,LCA,52
Saint Lucia,LCA,75
Saint Lucia,LCA,87
Saint Lucia,LCA,119
Saint Lucia,LCA,229
Saint Lucia,LCA,309
Saint Lucia,LCA,347
Saint Lucia,LCA,370
Sri Lanka,LKA,79
Sri Lanka,LKA,-927
Sri Lanka,LKA,-4264
Sri Lanka,LKA,-9371
Sri Lanka,LKA,-9537
Sri Lanka,LKA,-9070
Sri Lanka,LKA,-9597
Sri Lanka,LKA,-10098
Sri Lanka,LKA,-10506
Sri Lanka,LKA,-12543
Sri Lanka,LKA,-15643
Sri Lanka,LKA,-17358
Sri Lanka,LKA,-18404
Sri Lanka,LKA,-19434
Sri Lanka,LKA,-19214
Sri Lanka,LKA,-19877
Sri Lanka,LKA,-23351
Sri Lanka,LKA,-23972
Sri Lanka,LKA,-21760
Sri Lanka,LKA,-15756
Sri Lanka,LKA,-10935
Sri Lanka,LKA,-10039
Sri Lanka,LKA,-9564
Sri Lanka,LKA,-8831
Lesotho,LSO,169
Lesotho,LSO,326
Lesotho,LSO,404
Lesotho,LSO,88
Lesotho,LSO,-163
Lesotho,LSO,-617
Lesotho,LSO,-721
Lesotho,LSO,-639
Lesotho,LSO,-504
Lesotho,LSO,-224
Lesotho,LSO,-53
Lesotho,LSO,201
Lesotho,LSO,906
Lesotho,LSO,1640
Lesotho,LSO,1909
Lesotho,LSO,1807
Lesotho,LSO,1823
Lesotho,LSO,1762
Lesotho,LSO,2074
Lesotho,LSO,2313
Lesotho,LSO,3342
Lesotho,LSO,3670
Lesotho,LSO,3820
Lesotho,LSO,3982
Lithuania,LTU,102
Lithuania,LTU,-150
Lithuania,LTU,27
Lithuania,LTU,221
Lithuania,LTU,400
Lithuania,LTU,790
Lithuania,LTU,1155
Lithuania,LTU,1588
Lithuania,LTU,1894
Lithuania,LTU,2596
Lithuania,LTU,3948
Lithuania,LTU,6651
Lithuania,LTU,8556
Lithuania,LTU,8820
Lithuania,LTU,9285
Lithuania,LTU,9792
Lithuania,LTU,10552
Lithuania,LTU,11195
Lithuania,LTU,11701
Lithuania,LTU,12254
Lithuania,LTU,13302
Lithuania,LTU,15068
Lithuania,LTU,16253
Lithuania,LTU,17255
Luxembourg,LUX,-40
Luxembourg,LUX,-126
Luxembourg,LUX,-104
Luxembourg,LUX,-74
Luxembourg,LUX,-74
Luxembourg,LUX,-105
Luxembourg,LUX,-113
Luxembourg,LUX,-95
Luxembourg,LUX,-101
Luxembourg,LUX,-78
Luxembourg,LUX,60
Luxembourg,LUX,152
Luxembourg,LUX,110
Luxembourg,LUX,82
Luxembourg,LUX,115
Luxembourg,LUX,82
Luxembourg,LUX,87
Luxembourg,LUX,57
Luxembourg,LUX,39
Luxembourg,LUX,9
Luxembourg,LUX,-5
Luxembourg,LUX,15
Luxembourg,LUX,46
Luxembourg,LUX,69
Latvia,LVA,-53
Latvia,LVA,-294
Latvia,LVA,-516
Latvia,LVA,-565
Latvia,LVA,-536
Latvia,LVA,-420
Latvia,LVA,-391
Latvia,LVA,-272
Latvia,LVA,-244
Latvia,LVA,-80
Latvia,LVA,217
Latvia,LVA,986
Latvia,LVA,2046
Latvia,LVA,2387
Latvia,LVA,2456
Latvia,LVA,2605
Latvia,LVA,3016
Latvia,LVA,3514
Latvia,LVA,3875
Latvia,LVA,4075
Latvia,LVA,4509
Latvia,LVA,5895
Latvia,LVA,7217
Latvia,LVA,7668
Morocco,MAR,584
Morocco,MAR,753
Morocco,MAR,-1631
Morocco,MAR,-3597
Morocco,MAR,-5521
Morocco,MAR,-6719
Morocco,MAR,-5908
Morocco,MAR,-3172
Morocco,MAR,-435
Morocco,MAR,3512
Morocco,MAR,9853
Morocco,MAR,15114
Morocco,MAR,17645
Morocco,MAR,17689
Morocco,MAR,17352
Morocco,MAR,17514
Morocco,MAR,17857
Morocco,MAR,18711
Morocco,MAR,21216
Morocco,MAR,28401
Morocco,MAR,32675
Morocco,MAR,34025
Morocco,MAR,34473
Morocco,MAR,34748
Monaco,MCO,-2
Monaco,MCO,-14
Monaco,MCO,7
Monaco,MCO,14
Monaco,MCO,8
Monaco,MCO,9
Monaco,MCO,-1
Monaco,MCO,2
Monaco,MCO,9
Monaco,MCO,18
Monaco,MCO,6
Monaco,MCO,10
Monaco,MCO,41
Monaco,MCO,54
Monaco,MCO,70
Monaco,MCO,55
Monaco,MCO,72
Monaco,MCO,59
Monaco,MCO,60
Monaco,MCO,60
Monaco,MCO,47
Monaco,MCO,55
Monaco,MCO,46
Monaco,MCO,64
Republic of Moldova,MDA,148
Republic of Moldova,MDA,-36
Republic of Moldova,MDA,-542
Republic of Moldova,MDA,-1394
Republic of Moldova,MDA,-366
Republic of Moldova,MDA,230
Republic of Moldova,MDA,1045
Republic of Moldova,MDA,1190
Republic of Moldova,MDA,2042
Republic of Moldova,MDA,3034
Republic of Moldova,MDA,3663
Republic of Moldova,MDA,5068
Republic of Moldova,MDA,6010
Republic of Moldova,MDA,6557
Republic of Moldova,MDA,8586
Republic of Moldova,MDA,10110
Republic of Moldova,MDA,10646
Republic of Moldova,MDA,10957
Republic of Moldova,MDA,11372
Republic of Moldova,MDA,11344
Republic of Moldova,MDA,12380
Republic of Moldova,MDA,14476
Republic of Moldova,MDA,16400
Republic of Moldova,MDA,18158
Madagascar,MDG,1006
Madagascar,MDG,2009
Madagascar,MDG,2737
Madagascar,MDG,1507
Madagascar,MDG,919
Madagascar,MDG,830
Madagascar,MDG,2954
Madagascar,MDG,4462
Madagascar,MDG,5595
Madagascar,MDG,6369
Madagascar,MDG,7160
Madagascar,MDG,7974
Madagascar,MDG,9401
Madagascar,MDG,10849
Madagascar,MDG,13691
Madagascar,MDG,17965
Madagascar,MDG,20830
Madagascar,MDG,21769
Madagascar,MDG,22449
Madagascar,MDG,22829
Madagascar,MDG,23308
Madagascar,MDG,23573
Madagascar,MDG,24087
Madagascar,MDG,25582
Maldives,MDV,4
Maldives,MDV,-14
Maldives,MDV,-22
Maldives,MDV,-43
Maldives,MDV,-39
Maldives,MDV,-51
Maldives,MDV,-46
Maldives,MDV,-20
Maldives,MDV,-5
Maldives,MDV,2
Maldives,MDV,13
Maldives,MDV,3
Maldives,MDV,-27
Maldives,MDV,-45
Maldives,MDV,-65
Maldives,MDV,-57
Maldives,MDV,31
Maldives,MDV,106
Maldives,MDV,134
Maldives,MDV,155
Maldives,MDV,174
Maldives,MDV,198
Maldives,MDV,219
Maldives,MDV,246
Mexico,MEX,693
Mexico,MEX,-2150
Mexico,MEX,-5514
Mexico,MEX,1941
Mexico,MEX,39535
Mexico,MEX,88259
Mexico,MEX,143394
Mexico,MEX,182574
Mexico,MEX,206692
Mexico,MEX,231266
Mexico,MEX,263273
Mexico,MEX,314540
Mexico,MEX,418060
Mexico,MEX,459818
Mexico,MEX,478609
Mexico,MEX,488950
Mexico,MEX,492638
Mexico,MEX,495713
Mexico,MEX,513653
Mexico,MEX,569411
Mexico,MEX,610453
Mexico,MEX,626288
Mexico,MEX,629874
Mexico,MEX,626217
Marshall Islands,MHL,-2
Marshall Islands,MHL,-4
Marshall Islands,MHL,-6
Marshall Islands,MHL,-13
Marshall Islands,MHL,-18
Marshall Islands,MHL,-21
Marshall Islands,MHL,-24
Marshall Islands,MHL,-26
Marshall Islands,MHL,-30
Marshall Islands,MHL,-35
Marshall Islands,MHL,-39
Marshall Islands,MHL,-43
Marshall Islands,MHL,-46
Marshall Islands,MHL,-49
Marshall Islands,MHL,-53
Marshall Islands,MHL,-55
Marshall Islands,MHL,-58
Marshall Islands,MHL,-60
Marshall Islands,MHL,-62
Marshall Islands,MHL,-64
Marshall Islands,MHL,-68
Marshall Islands,MHL,-72
Marshall Islands,MHL,-76
Marshall Islands,MHL,-79
North Macedonia,MKD,-167
North Macedonia,MKD,-457
North Macedonia,MKD,-622
North Macedonia,MKD,-562
North Macedonia,MKD,-542
North Macedonia,MKD,-128
North Macedonia,MKD,252
North Macedonia,MKD,569
North Macedonia,MKD,765
North Macedonia,MKD,1522
North Macedonia,MKD,4027
North Macedonia,MKD,5713
North Macedonia,MKD,5977
North Macedonia,MKD,6255
North Macedonia,MKD,7262
North Macedonia,MKD,9013
North Macedonia,MKD,9991
North Macedonia,MKD,10327
North Macedonia,MKD,10670
North Macedonia,MKD,11409
North Macedonia,MKD,13248
North Macedonia,MKD,13871
North Macedonia,MKD,14580
North Macedonia,MKD,15357
Mali,MLI,1056
Mali,MLI,1999
Mali,MLI,2733
Mali,MLI,2932
Mali,MLI,4061
Mali,MLI,6158
Mali,MLI,8170
Mali,MLI,9413
Mali,MLI,10108
Mali,MLI,10277
Mali,MLI,10849
Mali,MLI,12468
Mali,MLI,13685
Mali,MLI,14967
Mali,MLI,16513
Mali,MLI,18511
Mali,MLI,20128
Mali,MLI,21696
Mali,MLI,23184
Mali,MLI,24357
Mali,MLI,25032
Mali,MLI,25476
Mali,MLI,26253
Mali,MLI,27311
Malta,MLT,30
Malta,MLT,-36
Malta,MLT,-4
Malta,MLT,8
Malta,MLT,8
Malta,MLT,-21
Malta,MLT,-19
Malta,MLT,10
Malta,MLT,48
Malta,MLT,93
Malta,MLT,173
Malta,MLT,263
Malta,MLT,302
Malta,MLT,314
Malta,MLT,385
Malta,MLT,349
Malta,MLT,373
Malta,MLT,358
Malta,MLT,378
Malta,MLT,439
Malta,MLT,459
Malta,MLT,470
Malta,MLT,467
Malta,MLT,477
Myanmar,MMR,992
Myanmar,MMR,1589
Myanmar,MMR,1030
Myanmar,MMR,-1542
Myanmar,MMR,-4184
Myanmar,MMR,-6023
Myanmar,MMR,-7322
Myanmar,MMR,-8496
Myanmar,MMR,-7323
Myanmar,MMR,-4501
Myanmar,MMR,-2315
Myanmar,MMR,750
Myanmar,MMR,2049
Myanmar,MMR,1884
Myanmar,MMR,907
Myanmar,MMR,114
Myanmar,MMR,129
Myanmar,MMR,1804
Myanmar,MMR,17451
Myanmar,MMR,31884
Myanmar,MMR,38375
Myanmar,MMR,41450
Myanmar,MMR,43157
Myanmar,MMR,44188
Montenegro,MNE,-49
Montenegro,MNE,-85
Montenegro,MNE,-67
Montenegro,MNE,-121
Montenegro,MNE,-148
Montenegro,MNE,-171
Montenegro,MNE,-16
Montenegro,MNE,67
Montenegro,MNE,175
Montenegro,MNE,402
Montenegro,MNE,616
Montenegro,MNE,870
Montenegro,MNE,1133
Montenegro,MNE,1414
Montenegro,MNE,1841
Montenegro,MNE,2177
Montenegro,MNE,2341
Montenegro,MNE,2370
Montenegro,MNE,2454
Montenegro,MNE,2708
Montenegro,MNE,3016
Montenegro,MNE,3302
Montenegro,MNE,3676
Montenegro,MNE,3910
Mongolia,MNG,-145
Mongolia,MNG,-381
Mongolia,MNG,-627
Mongolia,MNG,-849
Mongolia,MNG,-1101
Mongolia,MNG,-1327
Mongolia,MNG,-1424
Mongolia,MNG,-1615
Mongolia,MNG,-1710
Mongolia,MNG,-1773
Mongolia,MNG,-2039
Mongolia,MNG,-2383
Mongolia,MNG,-2877
Mongolia,MNG,-3255
Mongolia,MNG,-3436
Mongolia,MNG,-3477
Mongolia,MNG,-3627
Mongolia,MNG,-3354
Mongolia,MNG,-2941
Mongolia,MNG,-2722
Mongolia,MNG,-2025
Mongolia,MNG,-953
Mongolia,MNG,-361
Mongolia,MNG,4
Mozambique,MOZ,1750
Mozambique,MOZ,3084
Mozambique,MOZ,4241
Mozambique,MOZ,3228
Mozambique,MOZ,2634
Mozambique,MOZ,1623
Mozambique,MOZ,939
Mozambique,MOZ,1456
Mozambique,MOZ,2672
Mozambique,MOZ,3316
Mozambique,MOZ,4248
Mozambique,MOZ,5717
Mozambique,MOZ,10878
Mozambique,MOZ,16931
Mozambique,MOZ,20921
Mozambique,MOZ,22893
Mozambique,MOZ,23831
Mozambique,MOZ,25336
Mozambique,MOZ,31543
Mozambique,MOZ,36825
Mozambique,MOZ,38895
Mozambique,MOZ,39534
Mozambique,MOZ,40299
Mozambique,MOZ,42731
Mauritania,MRT,165
Mauritania,MRT,296
Mauritania,MRT,297
Mauritania,MRT,258
Mauritania,MRT,443
Mauritania,MRT,1143
Mauritania,MRT,1760
Mauritania,MRT,2056
Mauritania,MRT,2222
Mauritania,MRT,2281
Mauritania,MRT,2446
Mauritania,MRT,2992
Mauritania,MRT,3404
Mauritania,MRT,3596
Mauritania,MRT,3809
Mauritania,MRT,4040
Mauritania,MRT,4297
Mauritania,MRT,4661
Mauritania,MRT,5167
Mauritania,MRT,5895
Mauritania,MRT,6252
Mauritania,MRT,6437
Mauritania,MRT,6689
Mauritania,MRT,6948
Mauritius,MUS,-10
Mauritius,MUS,-50
Mauritius,MUS,-91
Mauritius,MUS,-142
Mauritius,MUS,-173
Mauritius,MUS,-174
Mauritius,MUS,-253
Mauritius,MUS,-293
Mauritius,MUS,-390
Mauritius,MUS,-411
Mauritius,MUS,-421
Mauritius,MUS,-472
Mauritius,MUS,-522
Mauritius,MUS,-584
Mauritius,MUS,-633
Mauritius,MUS,-699
Mauritius,MUS,-765
Mauritius,MUS,-752
Mauritius,MUS,-861
Mauritius,MUS,-751
Mauritius,MUS,-580
Mauritius,MUS,-337
Mauritius,MUS,503
Mauritius,MUS,942
Malawi,MWI,616
Malawi,MWI,1141
Malawi,MWI,1520
Malawi,MWI,1247
Malawi,MWI,972
Malawi,MWI,949
Malawi,MWI,1801
Malawi,MWI,2467
Malawi,MWI,2750
Malawi,MWI,2873
Malawi,MWI,2900
Malawi,MWI,3090
Malawi,MWI,5866
Malawi,MWI,7866
Malawi,MWI,8645
Malawi,MWI,9187
Malawi,MWI,9470
Malawi,MWI,10091
Malawi,MWI,12293
Malawi,MWI,14745
Malawi,MWI,15671
Malawi,MWI,16082
Malawi,MWI,16334
Malawi,MWI,17113
Malaysia,MYS,481
Malaysia,MYS,-158
Malaysia,MYS,-1137
Malaysia,MYS,-3113
Malaysia,MYS,-4545
Malaysia,MYS,-6289
Malaysia,MYS,-8235
Malaysia,MYS,-9432
Malaysia,MYS,-10540
Malaysia,MYS,-11527
Malaysia,MYS,-13572
Malaysia,MYS,-15091
Malaysia,MYS,-16052
Malaysia,MYS,-17740
Malaysia,MYS,-19494
Malaysia,MYS,-20802
Malaysia,MYS,-21619
Malaysia,MYS,-22512
Malaysia,MYS,-15831
Malaysia,MYS,-7102
Malaysia,MYS,-2655
Malaysia,MYS,1848
Malaysia,MYS,4949
Malaysia,MYS,7533
Namibia,NAM,78
Namibia,NAM,168
Namibia,NAM,185
Namibia,NAM,69
Namibia,NAM,-39
Namibia,NAM,-188
Namibia,NAM,-153
Namibia,NAM,124
Namibia,NAM,347
Namibia,NAM,478
Namibia,NAM,620
Namibia,NAM,896
Namibia,NAM,1435
Namibia,NAM,1791
Namibia,NAM,2206
Namibia,NAM,2610
Namibia,NAM,3103
Namibia,NAM,4205
Namibia,NAM,6069
Namibia,NAM,6629
Namibia,NAM,7167
Namibia,NAM,7394
Namibia,NAM,7518
Namibia,NAM,7753
Niger,NER,1187
Niger,NER,2275
Niger,NER,3327
Niger,NER,4070
Niger,NER,5687
Niger,NER,7772
Niger,NER,10306
Niger,NER,12144
Niger,NER,13184
Niger,NER,13592
Niger,NER,14405
Niger,NER,15938
Niger,NER,17680
Niger,NER,19246
Niger,NER,21085
Niger,NER,22858
Niger,NER,24379
Niger,NER,26398
Niger,NER,28481
Niger,NER,30147
Niger,NER,31243
Niger,NER,31934
Niger,NER,33126
Niger,NER,34339
Nigeria,NGA,9167
Nigeria,NGA,15517
Nigeria,NGA,19944
Nigeria,NGA,10133
Nigeria,NGA,10044
Nigeria,NGA,19342
Nigeria,NGA,32173
Nigeria,NGA,41318
Nigeria,NGA,46665
Nigeria,NGA,48161
Nigeria,NGA,50963
Nigeria,NGA,60584
Nigeria,NGA,75007
Nigeria,NGA,93632
Nigeria,NGA,105843
Nigeria,NGA,112933
Nigeria,NGA,121949
Nigeria,NGA,131526
Nigeria,NGA,141692
Nigeria,NGA,154058
Nigeria,NGA,165094
Nigeria,NGA,171070
Nigeria,NGA,177770
Nigeria,NGA,186434
Nicaragua,NIC,-143
Nicaragua,NIC,-309
Nicaragua,NIC,557
Nicaragua,NIC,1980
Nicaragua,NIC,3540
Nicaragua,NIC,4924
Nicaragua,NIC,6558
Nicaragua,NIC,8202
Nicaragua,NIC,8526
Nicaragua,NIC,8722
Nicaragua,NIC,8928
Nicaragua,NIC,9166
Nicaragua,NIC,9457
Nicaragua,NIC,9717
Nicaragua,NIC,9988
Nicaragua,NIC,10288
Nicaragua,NIC,10669
Nicaragua,NIC,11033
Nicaragua,NIC,11332
Nicaragua,NIC,11545
Nicaragua,NIC,11732
Nicaragua,NIC,11859
Nicaragua,NIC,11942
Nicaragua,NIC,12095
Niue,NIU,0
Niue,NIU,0
Niue,NIU,0
Niue,NIU,-1
Niue,NIU,-1
Niue,NIU,-1
Niue,NIU,-1
Niue,NIU,-2
Niue,NIU,-2
Niue,NIU,-2
Niue,NIU,-2
Niue,NIU,-3
Niue,NIU,-3
Niue,NIU,-3
Niue,NIU,-3
Niue,NIU,-3
Niue,NIU,-4
Niue,NIU,-4
Niue,NIU,-4
Niue,NIU,-4
Niue,NIU,-4
Niue,NIU,-5
Niue,NIU,-5
Niue,NIU,-5
Netherlands,NLD,-96
Netherlands,NLD,-1410
Netherlands,NLD,1232
Netherlands,NLD,6957
Netherlands,NLD,7329
Netherlands,NLD,6917
Netherlands,NLD,6567
Netherlands,NLD,7353
Netherlands,NLD,7554
Netherlands,NLD,9880
Netherlands,NLD,11799
Netherlands,NLD,14481
Netherlands,NLD,17437
Netherlands,NLD,16955
Netherlands,NLD,16632
Netherlands,NLD,17135
Netherlands,NLD,17885
Netherlands,NLD,18064
Netherlands,NLD,18569
Netherlands,NLD,19492
Netherlands,NLD,20299
Netherlands,NLD,21978
Netherlands,NLD,25726
Netherlands,NLD,29212
Norway,NOR,-19
Norway,NOR,-199
Norway,NOR,-249
Norway,NOR,-186
Norway,NOR,-285
Norway,NOR,-424
Norway,NOR,-464
Norway,NOR,-427
Norway,NOR,-357
Norway,NOR,-303
Norway,NOR,-351
Norway,NOR,-595
Norway,NOR,-708
Norway,NOR,-1199
Norway,NOR,-1524
Norway,NOR,-1688
Norway,NOR,-1787
Norway,NOR,-1902
Norway,NOR,-2154
Norway,NOR,-1446
Norway,NOR,-1372
Norway,NOR,-1358
Norway,NOR,-84
Norway,NOR,-101
Nepal,NPL,506
Nepal,NPL,148
Nepal,NPL,-241
Nepal,NPL,-2198
Nepal,NPL,-3480
Nepal,NPL,-4244
Nepal,NPL,-4857
Nepal,NPL,-4370
Nepal,NPL,-2767
Nepal,NPL,766
Nepal,NPL,5080
Nepal,NPL,7972
Nepal,NPL,8984
Nepal,NPL,8396
Nepal,NPL,7999
Nepal,NPL,9331
Nepal,NPL,17801
Nepal,NPL,22069
Nepal,NPL,24811
Nepal,NPL,27853
Nepal,NPL,29464
Nepal,NPL,30906
Nepal,NPL,31789
Nepal,NPL,32513
Nauru,NRU,0
Nauru,NRU,0
Nauru,NRU,0
Nauru,NRU,0
Nauru,NRU,0
Nauru,NRU,0
Nauru,NRU,0
Nauru,NRU,0
Nauru,NRU,0
Nauru,NRU,0
Nauru,NRU,0
Nauru,NRU,-1
Nauru,NRU,-1
Nauru,NRU,-1
Nauru,NRU,-1
Nauru,NRU,-2
Nauru,NRU,-1
Nauru,NRU,-1
Nauru,NRU,-1
Nauru,NRU,-1
Nauru,NRU,-1
Nauru,NRU,-1
Nauru,NRU,-1
Nauru,NRU,-1
New Zealand,NZL,-28
New Zealand,NZL,19
New Zealand,NZL,20
New Zealand,NZL,-22
New Zealand,NZL,-265
New Zealand,NZL,-632
New Zealand,NZL,-1042
New Zealand,NZL,-1564
New Zealand,NZL,-1949
New Zealand,NZL,-2119
New Zealand,NZL,-2218
New Zealand,NZL,-2065
New Zealand,NZL,-1995
New Zealand,NZL,-2024
New Zealand,NZL,-1965
New Zealand,NZL,-1987
New Zealand,NZL,-2066
New Zealand,NZL,-2253
New Zealand,NZL,-2357
New Zealand,NZL,-2400
New Zealand,NZL,-2615
New Zealand,NZL,-2739
New Zealand,NZL,-2764
New Zealand,NZL,-2677
Oman,OMN,142
Oman,OMN,160
Oman,OMN,137
Oman,OMN,191
Oman,OMN,411
Oman,OMN,833
Oman,OMN,1525
Oman,OMN,2161
Oman,OMN,2942
Oman,OMN,3745
Oman,OMN,4170
Oman,OMN,4115
Oman,OMN,4178
Oman,OMN,4288
Oman,OMN,4560
Oman,OMN,5309
Oman,OMN,6333
Oman,OMN,8441
Oman,OMN,10535
Oman,OMN,11146
Oman,OMN,11255
Oman,OMN,11359
Oman,OMN,11423
Oman,OMN,11500
Pakistan,PAK,7829
Pakistan,PAK,9469
Pakistan,PAK,-4561
Pakistan,PAK,-11803
Pakistan,PAK,-6448
Pakistan,PAK,22559
Pakistan,PAK,46037
Pakistan,PAK,55904
Pakistan,PAK,61049
Pakistan,PAK,63802
Pakistan,PAK,77641
Pakistan,PAK,93544
Pakistan,PAK,100931
Pakistan,PAK,102987
Pakistan,PAK,109824
Pakistan,PAK,130439
Pakistan,PAK,151298
Pakistan,PAK,167666
Pakistan,PAK,182602
Pakistan,PAK,200385
Pakistan,PAK,213194
Pakistan,PAK,218903
Pakistan,PAK,224391
Pakistan,PAK,230440
Panama,PAN,297
Panama,PAN,136
Panama,PAN,-255
Panama,PAN,-832
Panama,PAN,-1094
Panama,PAN,-549
Panama,PAN,421
Panama,PAN,1302
Panama,PAN,1910
Panama,PAN,2254
Panama,PAN,2595
Panama,PAN,2997
Panama,PAN,4364
Panama,PAN,5655
Panama,PAN,6373
Panama,PAN,6520
Panama,PAN,6567
Panama,PAN,6737
Panama,PAN,6987
Panama,PAN,7296
Panama,PAN,7456
Panama,PAN,7443
Panama,PAN,7524
Panama,PAN,7643
Peru,PER,1972
Peru,PER,3685
Peru,PER,5952
Peru,PER,13304
Peru,PER,36705
Peru,PER,60706
Peru,PER,86365
Peru,PER,109484
Peru,PER,118788
Peru,PER,123935
Peru,PER,127763
Peru,PER,133816
Peru,PER,150053
Peru,PER,175095
Peru,PER,204490
Peru,PER,236023
Peru,PER,258350
Peru,PER,269094
Peru,PER,274393
Peru,PER,277718
Peru,PER,279844
Peru,PER,282532
Peru,PER,285042
Peru,PER,289668
Philippines,PHL,-3099
Philippines,PHL,-8199
Philippines,PHL,-16090
Philippines,PHL,-25168
Philippines,PHL,-29598
Philippines,PHL,-32716
Philippines,PHL,-32118
Philippines,PHL,-30893
Philippines,PHL,-31794
Philippines,PHL,-34410
Philippines,PHL,-37321
Philippines,PHL,-40147
Philippines,PHL,-41325
Philippines,PHL,-40835
Philippines,PHL,-32912
Philippines,PHL,-17277
Philippines,PHL,430
Philippines,PHL,16442
Philippines,PHL,38697
Philippines,PHL,82942
Philippines,PHL,151088
Philippines,PHL,178245
Philippines,PHL,175326
Philippines,PHL,185253
Palau,PLW,-1
Palau,PLW,-3
Palau,PLW,-4
Palau,PLW,-6
Palau,PLW,-8
Palau,PLW,-9
Palau,PLW,-9
Palau,PLW,-11
Palau,PLW,-12
Palau,PLW,-14
Palau,PLW,-17
Palau,PLW,-20
Palau,PLW,-22
Palau,PLW,-25
Palau,PLW,-27
Palau,PLW,-28
Palau,PLW,-30
Palau,PLW,-31
Palau,PLW,-32
Palau,PLW,-32
Palau,PLW,-34
Palau,PLW,-36
Palau,PLW,-38
Palau,PLW,-40
Papua New Guinea,PNG,120
Papua New Guinea,PNG,-15
Papua New Guinea,PNG,-89
Papua New Guinea,PNG,-680
Papua New Guinea,PNG,-1067
Papua New Guinea,PNG,-1331
Papua New Guinea,PNG,-1299
Papua New Guinea,PNG,-1321
Papua New Guinea,PNG,-1393
Papua New Guinea,PNG,-1589
Papua New Guinea,PNG,-1754
Papua New Guinea,PNG,-1810
Papua New Guinea,PNG,-1965
Papua New Guinea,PNG,-1982
Papua New Guinea,PNG,-1798
Papua New Guinea,PNG,-1503
Papua New Guinea,PNG,-1125
Papua New Guinea,PNG,-972
Papua New Guinea,PNG,-764
Papua New Guinea,PNG,-679
Papua New Guinea,PNG,-447
Papua New Guinea,PNG,56
Papua New Guinea,PNG,554
Papua New Guinea,PNG,761
Poland,POL,-982
Poland,POL,-3902
Poland,POL,-4698
Poland,POL,-5816
Poland,POL,-5450
Poland,POL,-5279
Poland,POL,-4125
Poland,POL,-1757
Poland,POL,-110
Poland,POL,16005
Poland,POL,44724
Poland,POL,60687
Poland,POL,71403
Poland,POL,72723
Poland,POL,86361
Poland,POL,104758
Poland,POL,111653
Poland,POL,113882
Poland,POL,115077
Poland,POL,115299
Poland,POL,116256
Poland,POL,120944
Poland,POL,134959
Poland,POL,157531
Democratic People's Republic of Korea,PRK,694
Democratic People's Republic of Korea,PRK,1011
Democratic People's Republic of Korea,PRK,1579
Democratic People's Republic of Korea,PRK,-499
Democratic People's Republic of Korea,PRK,-2002
Democratic People's Republic of Korea,PRK,-2574
Democratic People's Republic of Korea,PRK,-2801
Democratic People's Republic of Korea,PRK,-3170
Democratic People's Republic of Korea,PRK,-3792
Democratic People's Republic of Korea,PRK,-4407
Democratic People's Republic of Korea,PRK,-5097
Democratic People's Republic of Korea,PRK,-5611
Democratic People's Republic of Korea,PRK,-6271
Democratic People's Republic of Korea,PRK,-6655
Democratic People's Republic of Korea,PRK,-7138
Democratic People's Republic of Korea,PRK,-7352
Democratic People's Republic of Korea,PRK,-7003
Democratic People's Republic of Korea,PRK,-6739
Democratic People's Republic of Korea,PRK,-6224
Democratic People's Republic of Korea,PRK,-5351
Democratic People's Republic of Korea,PRK,-5484
Democratic People's Republic of Korea,PRK,-6191
Democratic People's Republic of Korea,PRK,-6858
Democratic People's Republic of Korea,PRK,-7098
Portugal,PRT,381
Portugal,PRT,-841
Portugal,PRT,-334
Portugal,PRT,814
Portugal,PRT,1591
Portugal,PRT,1730
Portugal,PRT,3730
Portugal,PRT,4376
Portugal,PRT,5115
Portugal,PRT,6452
Portugal,PRT,8324
Portugal,PRT,9908
Portugal,PRT,18154
Portugal,PRT,19589
Portugal,PRT,18919
Portugal,PRT,18071
Portugal,PRT,17863
Portugal,PRT,17643
Portugal,PRT,17974
Portugal,PRT,18792
Portugal,PRT,19113
Portugal,PRT,19780
Portugal,PRT,20549
Portugal,PRT,20447
Paraguay,PRY,102
Paraguay,PRY,393
Paraguay,PRY,734
Paraguay,PRY,585
Paraguay,PRY,271
Paraguay,PRY,-196
Paraguay,PRY,-535
Paraguay,PRY,-174
Paraguay,PRY,397
Paraguay,PRY,1110
Paraguay,PRY,1603
Paraguay,PRY,2410
Paraguay,PRY,2877
Paraguay,PRY,3547
Paraguay,PRY,5552
Paraguay,PRY,9144
Paraguay,PRY,13625
Paraguay,PRY,17408
Paraguay,PRY,19095
Paraguay,PRY,19577
Paraguay,PRY,19513
Paraguay,PRY,19542
Paraguay,PRY,19564
Paraguay,PRY,19817
Qatar,QAT,-11
Qatar,QAT,0
Qatar,QAT,64
Qatar,QAT,12
Qatar,QAT,109
Qatar,QAT,350
Qatar,QAT,532
Qatar,QAT,592
Qatar,QAT,657
Qatar,QAT,728
Qatar,QAT,667
Qatar,QAT,717
Qatar,QAT,730
Qatar,QAT,683
Qatar,QAT,789
Qatar,QAT,1193
Qatar,QAT,1345
Qatar,QAT,1418
Qatar,QAT,1460
Qatar,QAT,1530
Qatar,QAT,1481
Qatar,QAT,1513
Qatar,QAT,1507
Qatar,QAT,1539
Romania,ROU,-463
Romania,ROU,-2133
Romania,ROU,-2861
Romania,ROU,-2960
Romania,ROU,-2942
Romania,ROU,-2129
Romania,ROU,218
Romania,ROU,3719
Romania,ROU,5900
Romania,ROU,12538
Romania,ROU,25120
Romania,ROU,34996
Romania,ROU,40217
Romania,ROU,40509
Romania,ROU,46918
Romania,ROU,54631
Romania,ROU,57757
Romania,ROU,58717
Romania,ROU,59941
Romania,ROU,60805
Romania,ROU,66742
Romania,ROU,92329
Romania,ROU,105461
Romania,ROU,106912
Russian Federation,RUS,9414
Russian Federation,RUS,4706
Russian Federation,RUS,7953
Russian Federation,RUS,10365
Russian Federation,RUS,35446
Russian Federation,RUS,58319
Russian Federation,RUS,91649
Russian Federation,RUS,111499
Russian Federation,RUS,135228
Russian Federation,RUS,206701
Russian Federation,RUS,287659
Russian Federation,RUS,369306
Russian Federation,RUS,439873
Russian Federation,RUS,462889
Russian Federation,RUS,504764
Russian Federation,RUS,525236
Russian Federation,RUS,541677
Russian Federation,RUS,584176
Russian Federation,RUS,658386
Russian Federation,RUS,727021
Russian Federation,RUS,789036
Russian Federation,RUS,894109
Russian Federation,RUS,1005975
Russian Federation,RUS,1072326
Rwanda,RWA,375
Rwanda,RWA,579
Rwanda,RWA,419
Rwanda,RWA,-180
Rwanda,RWA,-570
Rwanda,RWA,-921
Rwanda,RWA,-1165
Rwanda,RWA,-1128
Rwanda,RWA,-1061
Rwanda,RWA,-937
Rwanda,RWA,-721
Rwanda,RWA,-370
Rwanda,RWA,222
Rwanda,RWA,587
Rwanda,RWA,804
Rwanda,RWA,958
Rwanda,RWA,1147
Rwanda,RWA,1600
Rwanda,RWA,2726
Rwanda,RWA,3689
Rwanda,RWA,4446
Rwanda,RWA,4874
Rwanda,RWA,5128
Rwanda,RWA,5401
Saudi Arabia,SAU,84
Saudi Arabia,SAU,16
Saudi Arabia,SAU,-124
Saudi Arabia,SAU,147
Saudi Arabia,SAU,1839
Saudi Arabia,SAU,5701
Saudi Arabia,SAU,9204
Saudi Arabia,SAU,11491
Saudi Arabia,SAU,12524
Saudi Arabia,SAU,12767
Saudi Arabia,SAU,12829
Saudi Arabia,SAU,12626
Saudi Arabia,SAU,11784
Saudi Arabia,SAU,10944
Saudi Arabia,SAU,10649
Saudi Arabia,SAU,11185
Saudi Arabia,SAU,12432
Saudi Arabia,SAU,14168
Saudi Arabia,SAU,15982
Saudi Arabia,SAU,17400
Saudi Arabia,SAU,18028
Saudi Arabia,SAU,18022
Saudi Arabia,SAU,17809
Saudi Arabia,SAU,17550
Sudan,SDN,1019
Sudan,SDN,1579
Sudan,SDN,616
Sudan,SDN,-296
Sudan,SDN,979
Sudan,SDN,3933
Sudan,SDN,6732
Sudan,SDN,8499
Sudan,SDN,8894
Sudan,SDN,9140
Sudan,SDN,12017
Sudan,SDN,14225
Sudan,SDN,16238
Sudan,SDN,17852
Sudan,SDN,20426
Sudan,SDN,23477
Sudan,SDN,26718
Sudan,SDN,29557
Sudan,SDN,31792
Sudan,SDN,33241
Sudan,SDN,34160
Sudan,SDN,35478
Sudan,SDN,36435
Sudan,SDN,37999
Senegal,SEN,424
Senegal,SEN,810
Senegal,SEN,163
Senegal,SEN,-255
Senegal,SEN,-76
Senegal,SEN,836
Senegal,SEN,2359
Senegal,SEN,3497
Senegal,SEN,3979
Senegal,SEN,4032
Senegal,SEN,4171
Senegal,SEN,4845
Senegal,SEN,6036
Senegal,SEN,7508
Senegal,SEN,8728
Senegal,SEN,9653
Senegal,SEN,10451
Senegal,SEN,11276
Senegal,SEN,12984
Senegal,SEN,14831
Senegal,SEN,15578
Senegal,SEN,15942
Senegal,SEN,16179
Senegal,SEN,16504
Singapore,SGP,321
Singapore,SGP,262
Singapore,SGP,345
Singapore,SGP,430
Singapore,SGP,459
Singapore,SGP,324
Singapore,SGP,156
Singapore,SGP,155
Singapore,SGP,58
Singapore,SGP,-27
Singapore,SGP,-59
Singapore,SGP,-30
Singapore,SGP,-57
Singapore,SGP,-215
Singapore,SGP,-210
Singapore,SGP,-214
Singapore,SGP,-148
Singapore,SGP,-139
Singapore,SGP,-104
Singapore,SGP,-85
Singapore,SGP,-49
Singapore,SGP,678
Singapore,SGP,1232
Singapore,SGP,1475
Solomon Islands,SLB,8
Solomon Islands,SLB,5
Solomon Islands,SLB,4
Solomon Islands,SLB,-17
Solomon Islands,SLB,-31
Solomon Islands,SLB,-35
Solomon Islands,SLB,-32
Solomon Islands,SLB,-31
Solomon Islands,SLB,-34
Solomon Islands,SLB,-44
Solomon Islands,SLB,-58
Solomon Islands,SLB,-70
Solomon Islands,SLB,-78
Solomon Islands,SLB,-79
Solomon Islands,SLB,-79
Solomon Islands,SLB,-80
Solomon Islands,SLB,-69
Solomon Islands,SLB,-62
Solomon Islands,SLB,-50
Solomon Islands,SLB,-42
Solomon Islands,SLB,-41
Solomon Islands,SLB,-47
Solomon Islands,SLB,-58
Solomon Islands,SLB,-60
Sierra Leone,SLE,364
Sierra Leone,SLE,790
Sierra Leone,SLE,1024
Sierra Leone,SLE,886
Sierra Leone,SLE,1291
Sierra Leone,SLE,1707
Sierra Leone,SLE,2241
Sierra Leone,SLE,2699
Sierra Leone,SLE,2987
Sierra Leone,SLE,3163
Sierra Leone,SLE,3281
Sierra Leone,SLE,3566
Sierra Leone,SLE,3986
Sierra Leone,SLE,4407
Sierra Leone,SLE,4865
Sierra Leone,SLE,5137
Sierra Leone,SLE,5406
Sierra Leone,SLE,5992
Sierra Leone,SLE,6635
Sierra Leone,SLE,6988
Sierra Leone,SLE,7239
Sierra Leone,SLE,7402
Sierra Leone,SLE,7514
Sierra Leone,SLE,7885
El Salvador,SLV,1057
El Salvador,SLV,687
El Salvador,SLV,-188
El Salvador,SLV,-1798
El Salvador,SLV,-3270
El Salvador,SLV,-927
El Salvador,SLV,3929
El Salvador,SLV,5535
El Salvador,SLV,5940
El Salvador,SLV,6406
El Salvador,SLV,6853
El Salvador,SLV,7507
El Salvador,SLV,8421
El Salvador,SLV,9217
El Salvador,SLV,9906
El Salvador,SLV,10510
El Salvador,SLV,11338
El Salvador,SLV,12205
El Salvador,SLV,13134
El Salvador,SLV,14103
El Salvador,SLV,15099
El Salvador,SLV,16156
El Salvador,SLV,16711
El Salvador,SLV,17036
San Marino,SMR,3
San Marino,SMR,11
San Marino,SMR,47
San Marino,SMR,55
San Marino,SMR,61
San Marino,SMR,68
San Marino,SMR,73
San Marino,SMR,73
San Marino,SMR,68
San Marino,SMR,73
San Marino,SMR,81
San Marino,SMR,110
San Marino,SMR,113
San Marino,SMR,125
San Marino,SMR,141
San Marino,SMR,150
San Marino,SMR,147
San Marino,SMR,144
San Marino,SMR,147
San Marino,SMR,149
San Marino,SMR,150
San Marino,SMR,160
San Marino,SMR,160
San Marino,SMR,171
Somalia,SOM,1107
Somalia,SOM,2107
Somalia,SOM,2790
Somalia,SOM,3275
Somalia,SOM,4375
Somalia,SOM,5994
Somalia,SOM,7712
Somalia,SOM,9348
Somalia,SOM,10242
Somalia,SOM,10959
Somalia,SOM,12020
Somalia,SOM,12918
Somalia,SOM,13596
Somalia,SOM,15853
Somalia,SOM,18866
Somalia,SOM,22151
Somalia,SOM,24470
Somalia,SOM,25940
Somalia,SOM,27654
Somalia,SOM,30093
Somalia,SOM,32000
Somalia,SOM,33403
Somalia,SOM,34746
Somalia,SOM,35461
Serbia,SRB,571
Serbia,SRB,318
Serbia,SRB,290
Serbia,SRB,357
Serbia,SRB,879
Serbia,SRB,1381
Serbia,SRB,3904
Serbia,SRB,5077
Serbia,SRB,5494
Serbia,SRB,5701
Serbia,SRB,8111
Serbia,SRB,17172
Serbia,SRB,18370
Serbia,SRB,19231
Serbia,SRB,23625
Serbia,SRB,28263
Serbia,SRB,30958
Serbia,SRB,32318
Serbia,SRB,33005
Serbia,SRB,33837
Serbia,SRB,37555
Serbia,SRB,44933
Serbia,SRB,52196
Serbia,SRB,55643
South Sudan,SSD,512
South Sudan,SSD,1029
South Sudan,SSD,1045
South Sudan,SSD,599
South Sudan,SSD,673
South Sudan,SSD,1176
South Sudan,SSD,1760
South Sudan,SSD,2032
South Sudan,SSD,2185
South Sudan,SSD,2483
South Sudan,SSD,2663
South Sudan,SSD,2798
South Sudan,SSD,3164
South Sudan,SSD,4418
South Sudan,SSD,5499
South Sudan,SSD,6029
South Sudan,SSD,6347
South Sudan,SSD,6828
South Sudan,SSD,7326
South Sudan,SSD,7782
South Sudan,SSD,8299
South Sudan,SSD,8601
South Sudan,SSD,8807
South Sudan,SSD,9166
Sao Tome and Principe,STP,6
Sao Tome and Principe,STP,11
Sao Tome and Principe,STP,15
Sao Tome and Principe,STP,8
Sao Tome and Principe,STP,35
Sao Tome and Principe,STP,41
Sao Tome and Principe,STP,57
Sao Tome and Principe,STP,56
Sao Tome and Principe,STP,57
Sao Tome and Principe,STP,63
Sao Tome and Principe,STP,69
Sao Tome and Principe,STP,71
Sao Tome and Principe,STP,73
Sao Tome and Principe,STP,100
Sao Tome and Principe,STP,120
Sao Tome and Principe,STP,128
Sao Tome and Principe,STP,136
Sao Tome and Principe,STP,139
Sao Tome and Principe,STP,142
Sao Tome and Principe,STP,145
Sao Tome and Principe,STP,169
Sao Tome and Principe,STP,184
Sao Tome and Principe,STP,184
Sao Tome and Principe,STP,191
Suriname,SUR,-27
Suriname,SUR,-38
Suriname,SUR,-98
Suriname,SUR,-175
Suriname,SUR,-256
Suriname,SUR,-288
Suriname,SUR,-306
Suriname,SUR,-252
Suriname,SUR,-239
Suriname,SUR,-233
Suriname,SUR,-287
Suriname,SUR,-287
Suriname,SUR,-282
Suriname,SUR,-372
Suriname,SUR,-455
Suriname,SUR,-517
Suriname,SUR,-391
Suriname,SUR,-109
Suriname,SUR,65
Suriname,SUR,143
Suriname,SUR,390
Suriname,SUR,673
Suriname,SUR,694
Suriname,SUR,727
Slovakia,SVK,111
Slovakia,SVK,-113
Slovakia,SVK,70
Slovakia,SVK,-149
Slovakia,SVK,-126
Slovakia,SVK,-219
Slovakia,SVK,-134
Slovakia,SVK,73
Slovakia,SVK,221
Slovakia,SVK,1283
Slovakia,SVK,2806
Slovakia,SVK,5462
Slovakia,SVK,9676
Slovakia,SVK,12771
Slovakia,SVK,15478
Slovakia,SVK,16533
Slovakia,SVK,16944
Slovakia,SVK,17189
Slovakia,SVK,17304
Slovakia,SVK,17329
Slovakia,SVK,17779
Slovakia,SVK,19130
Slovakia,SVK,22100
Slovakia,SVK,24320
Slovenia,SVN,35
Slovenia,SVN,-32
Slovenia,SVN,-60
Slovenia,SVN,-65
Slovenia,SVN,-44
Slovenia,SVN,32
Slovenia,SVN,46
Slovenia,SVN,78
Slovenia,SVN,167
Slovenia,SVN,653
Slovenia,SVN,2032
Slovenia,SVN,3346
Slovenia,SVN,4029
Slovenia,SVN,3920
Slovenia,SVN,3962
Slovenia,SVN,4029
Slovenia,SVN,4189
Slovenia,SVN,4323
Slovenia,SVN,4261
Slovenia,SVN,4148
Slovenia,SVN,4307
Slovenia,SVN,4621
Slovenia,SVN,5276
Slovenia,SVN,5582
Sweden,SWE,46
Sweden,SWE,-412
Sweden,SWE,-91
Sweden,SWE,3005
Sweden,SWE,4905
Sweden,SWE,5640
Sweden,SWE,5723
Sweden,SWE,5753
Sweden,SWE,5659
Sweden,SWE,5630
Sweden,SWE,6469
Sweden,SWE,8502
Sweden,SWE,10418
Sweden,SWE,9940
Sweden,SWE,9439
Sweden,SWE,9119
Sweden,SWE,9241
Sweden,SWE,9061
Sweden,SWE,8177
Sweden,SWE,8949
Sweden,SWE,8567
Sweden,SWE,7764
Sweden,SWE,8986
Sweden,SWE,11255
Eswatini,SWZ,56
Eswatini,SWZ,81
Eswatini,SWZ,79
Eswatini,SWZ,34
Eswatini,SWZ,-9
Eswatini,SWZ,25
Eswatini,SWZ,173
Eswatini,SWZ,404
Eswatini,SWZ,518
Eswatini,SWZ,604
Eswatini,SWZ,667
Eswatini,SWZ,917
Eswatini,SWZ,1608
Eswatini,SWZ,1935
Eswatini,SWZ,2078
Eswatini,SWZ,2126
Eswatini,SWZ,2147
Eswatini,SWZ,2188
Eswatini,SWZ,2477
Eswatini,SWZ,3104
Eswatini,SWZ,3447
Eswatini,SWZ,3582
Eswatini,SWZ,3632
Eswatini,SWZ,3820
Seychelles,SYC,-5
Seychelles,SYC,-14
Seychelles,SYC,-27
Seychelles,SYC,-38
Seychelles,SYC,-67
Seychelles,SYC,-85
Seychelles,SYC,-100
Seychelles,SYC,-120
Seychelles,SYC,-136
Seychelles,SYC,-163
Seychelles,SYC,-167
Seychelles,SYC,-173
Seychelles,SYC,-176
Seychelles,SYC,-175
Seychelles,SYC,-177
Seychelles,SYC,-178
Seychelles,SYC,-160
Seychelles,SYC,-123
Seychelles,SYC,-84
Seychelles,SYC,-44
Seychelles,SYC,-22
Seychelles,SYC,-15
Seychelles,SYC,-1
Seychelles,SYC,7
Syrian Arab Republic,SYR,113
Syrian Arab Republic,SYR,107
Syrian Arab Republic,SYR,-357
Syrian Arab Republic,SYR,-1175
Syrian Arab Republic,SYR,-1751
Syrian Arab Republic,SYR,-1780
Syrian Arab Republic,SYR,-1295
Syrian Arab Republic,SYR,-811
Syrian Arab Republic,SYR,-441
Syrian Arab Republic,SYR,29
Syrian Arab Republic,SYR,855
Syrian Arab Republic,SYR,1635
Syrian Arab Republic,SYR,2098
Syrian Arab Republic,SYR,2147
Syrian Arab Republic,SYR,2624
Syrian Arab Republic,SYR,3258
Syrian Arab Republic,SYR,3873
Syrian Arab Republic,SYR,4362
Syrian Arab Republic,SYR,4793
Syrian Arab Republic,SYR,5317
Syrian Arab Republic,SYR,5819
Syrian Arab Republic,SYR,6378
Syrian Arab Republic,SYR,6899
Syrian Arab Republic,SYR,7314
Chad,TCD,929
Chad,TCD,1760
Chad,TCD,2254
Chad,TCD,1672
Chad,TCD,2687
Chad,TCD,3752
Chad,TCD,4949
Chad,TCD,5762
Chad,TCD,6247
Chad,TCD,6359
Chad,TCD,6522
Chad,TCD,6989
Chad,TCD,7739
Chad,TCD,9281
Chad,TCD,10905
Chad,TCD,12210
Chad,TCD,13356
Chad,TCD,14684
Chad,TCD,15943
Chad,TCD,16981
Chad,TCD,17624
Chad,TCD,17944
Chad,TCD,18362
Chad,TCD,19249
Togo,TGO,489
Togo,TGO,616
Togo,TGO,786
Togo,TGO,719
Togo,TGO,444
Togo,TGO,-157
Togo,TGO,-797
Togo,TGO,-1343
Togo,TGO,-2150
Togo,TGO,-3036
Togo,TGO,-3994
Togo,TGO,-5218
Togo,TGO,-5348
Togo,TGO,-5444
Togo,TGO,-4625
Togo,TGO,-4344
Togo,TGO,-4723
Togo,TGO,-5415
Togo,TGO,-5185
Togo,TGO,-5102
Togo,TGO,-5178
Togo,TGO,-5964
Togo,TGO,-6141
Togo,TGO,-6989
Thailand,THA,3487
Thailand,THA,-287
Thailand,THA,746
Thailand,THA,-2344
Thailand,THA,-5415
Thailand,THA,-8236
Thailand,THA,-10744
Thailand,THA,-12345
Thailand,THA,-15913
Thailand,THA,-17609
Thailand,THA,-17696
Thailand,THA,-15606
Thailand,THA,-13953
Thailand,THA,-20362
Thailand,THA,-18217
Thailand,THA,-20150
Thailand,THA,-18806
Thailand,THA,-19022
Thailand,THA,-13779
Thailand,THA,-651
Thailand,THA,3324
Thailand,THA,5149
Thailand,THA,9183
Thailand,THA,15301
Tajikistan,TJK,194
Tajikistan,TJK,321
Tajikistan,TJK,374
Tajikistan,TJK,595
Tajikistan,TJK,4156
Tajikistan,TJK,4994
Tajikistan,TJK,5499
Tajikistan,TJK,6662
Tajikistan,TJK,8324
Tajikistan,TJK,11578
Tajikistan,TJK,13441
Tajikistan,TJK,13555
Tajikistan,TJK,13611
Tajikistan,TJK,13238
Tajikistan,TJK,12933
Tajikistan,TJK,12708
Tajikistan,TJK,12497
Tajikistan,TJK,12346
Tajikistan,TJK,12484
Tajikistan,TJK,12469
Tajikistan,TJK,12431
Tajikistan,TJK,12515
Tajikistan,TJK,12813
Tajikistan,TJK,13009
Turkmenistan,TKM,139
Turkmenistan,TKM,94
Turkmenistan,TKM,66
Turkmenistan,TKM,-132
Turkmenistan,TKM,-173
Turkmenistan,TKM,-40
Turkmenistan,TKM,145
Turkmenistan,TKM,242
Turkmenistan,TKM,256
Turkmenistan,TKM,368
Turkmenistan,TKM,605
Turkmenistan,TKM,785
Turkmenistan,TKM,760
Turkmenistan,TKM,559
Turkmenistan,TKM,411
Turkmenistan,TKM,342
Turkmenistan,TKM,345
Turkmenistan,TKM,402
Turkmenistan,TKM,512
Turkmenistan,TKM,588
Turkmenistan,TKM,579
Turkmenistan,TKM,568
Turkmenistan,TKM,627
Turkmenistan,TKM,652
Timor-Leste,TLS,35
Timor-Leste,TLS,59
Timor-Leste,TLS,61
Timor-Leste,TLS,4
Timor-Leste,TLS,-31
Timor-Leste,TLS,-30
Timor-Leste,TLS,-7
Timor-Leste,TLS,11
Timor-Leste,TLS,27
Timor-Leste,TLS,32
Timor-Leste,TLS,34
Timor-Leste,TLS,43
Timor-Leste,TLS,43
Timor-Leste,TLS,59
Timor-Leste,TLS,60
Timor-Leste,TLS,95
Timor-Leste,TLS,178
Timor-Leste,TLS,254
Timor-Leste,TLS,303
Timor-Leste,TLS,472
Timor-Leste,TLS,634
Timor-Leste,TLS,673
Timor-Leste,TLS,674
Timor-Leste,TLS,683
Tonga,TON,0
Tonga,TON,0
Tonga,TON,-2
Tonga,TON,-6
Tonga,TON,-9
Tonga,TON,-12
Tonga,TON,-14
Tonga,TON,-16
Tonga,TON,-18
Tonga,TON,-19
Tonga,TON,-21
Tonga,TON,-23
Tonga,TON,-25
Tonga,TON,-26
Tonga,TON,-26
Tonga,TON,-27
Tonga,TON,-28
Tonga,TON,-28
Tonga,TON,-29
Tonga,TON,-29
Tonga,TON,-30
Tonga,TON,-32
Tonga,TON,-35
Tonga,TON,-37
Trinidad and Tobago,TTO,-47
Trinidad and Tobago,TTO,-99
Trinidad and Tobago,TTO,-142
Trinidad and Tobago,TTO,-161
Trinidad and Tobago,TTO,-190
Trinidad and Tobago,TTO,-118
Trinidad and Tobago,TTO,-40
Trinidad and Tobago,TTO,112
Trinidad and Tobago,TTO,215
Trinidad and Tobago,TTO,230
Trinidad and Tobago,TTO,184
Trinidad and Tobago,TTO,92
Trinidad and Tobago,TTO,16
Trinidad and Tobago,TTO,-56
Trinidad and Tobago,TTO,-121
Trinidad and Tobago,TTO,-97
Trinidad and Tobago,TTO,204
Trinidad and Tobago,TTO,534
Trinidad and Tobago,TTO,797
Trinidad and Tobago,TTO,1054
Trinidad and Tobago,TTO,1249
Trinidad and Tobago,TTO,1429
Trinidad and Tobago,TTO,1697
Trinidad and Tobago,TTO,2031
Tunisia,TUN,387
Tunisia,TUN,220
Tunisia,TUN,-152
Tunisia,TUN,-764
Tunisia,TUN,-1180
Tunisia,TUN,-1574
Tunisia,TUN,-1964
Tunisia,TUN,-1764
Tunisia,TUN,-1669
Tunisia,TUN,502
Tunisia,TUN,2039
Tunisia,TUN,3143
Tunisia,TUN,5404
Tunisia,TUN,4541
Tunisia,TUN,3959
Tunisia,TUN,5491
Tunisia,TUN,8047
Tunisia,TUN,11026
Tunisia,TUN,16378
Tunisia,TUN,20571
Tunisia,TUN,22314
Tunisia,TUN,22974
Tunisia,TUN,23289
Tunisia,TUN,23821
Turkey,TUR,6963
Turkey,TUR,6471
Turkey,TUR,10276
Turkey,TUR,17267
Turkey,TUR,19566
Turkey,TUR,20697
Turkey,TUR,27949
Turkey,TUR,37408
Turkey,TUR,47498
Turkey,TUR,58602
Turkey,TUR,91099
Turkey,TUR,126391
Turkey,TUR,134263
Turkey,TUR,132231
Turkey,TUR,138713
Turkey,TUR,155548
Turkey,TUR,167716
Turkey,TUR,171446
Turkey,TUR,181384
Turkey,TUR,200296
Turkey,TUR,215912
Turkey,TUR,232861
Turkey,TUR,248936
Turkey,TUR,264041
Tuvalu,TUV,0
Tuvalu,TUV,0
Tuvalu,TUV,0
Tuvalu,TUV,-1
Tuvalu,TUV,-2
Tuvalu,TUV,-3
Tuvalu,TUV,-3
Tuvalu,TUV,-3
Tuvalu,TUV,-4
Tuvalu,TUV,-4
Tuvalu,TUV,-5
Tuvalu,TUV,-6
Tuvalu,TUV,-7
Tuvalu,TUV,-7
Tuvalu,TUV,-7
Tuvalu,TUV,-8
Tuvalu,TUV,-8
Tuvalu,TUV,-8
Tuvalu,TUV,-8
Tuvalu,TUV,-9
Tuvalu,TUV,-9
Tuvalu,TUV,-10
Tuvalu,TUV,-11
Tuvalu,TUV,-11
United Republic of Tanzania,TZA,1939
United Republic of Tanzania,TZA,3706
United Republic of Tanzania,TZA,4714
United Republic of Tanzania,TZA,4954
United Republic of Tanzania,TZA,4814
United Republic of Tanzania,TZA,5549
United Republic of Tanzania,TZA,6719
United Republic of Tanzania,TZA,8480
United Republic of Tanzania,TZA,10037
United Republic of Tanzania,TZA,11308
United Republic of Tanzania,TZA,12894
United Republic of Tanzania,TZA,14728
United Republic of Tanzania,TZA,16953
United Republic of Tanzania,TZA,19741
United Republic of Tanzania,TZA,22133
United Republic of Tanzania,TZA,24101
United Republic of Tanzania,TZA,25788
United Republic of Tanzania,TZA,27541
United Republic of Tanzania,TZA,29601
United Republic of Tanzania,TZA,31955
United Republic of Tanzania,TZA,36269
United Republic of Tanzania,TZA,36905
United Republic of Tanzania,TZA,38172
United Republic of Tanzania,TZA,40030
Uganda,UGA,1361
Uganda,UGA,2019
Uganda,UGA,2539
Uganda,UGA,961
Uganda,UGA,-463
Uganda,UGA,-1490
Uganda,UGA,-2149
Uganda,UGA,-1873
Uganda,UGA,-1298
Uganda,UGA,-671
Uganda,UGA,1032
Uganda,UGA,2829
Uganda,UGA,4000
Uganda,UGA,4707
Uganda,UGA,4981
Uganda,UGA,5537
Uganda,UGA,6560
Uganda,UGA,10358
Uganda,UGA,14693
Uganda,UGA,16738
Uganda,UGA,18082
Uganda,UGA,18895
Uganda,UGA,19469
Uganda,UGA,20519
Ukraine,UKR,1550
Ukraine,UKR,-1
Ukraine,UKR,-1792
Ukraine,UKR,-4608
Ukraine,UKR,-9188
Ukraine,UKR,-6995
Ukraine,UKR,-4228
Ukraine,UKR,-3264
Ukraine,UKR,2790
Ukraine,UKR,14438
Ukraine,UKR,29419
Ukraine,UKR,45367
Ukraine,UKR,51854
Ukraine,UKR,55387
Ukraine,UKR,71270
Ukraine,UKR,92068
Ukraine,UKR,101143
Ukraine,UKR,106091
Ukraine,UKR,108978
Ukraine,UKR,109912
Ukraine,UKR,116653
Ukraine,UKR,144490
Ukraine,UKR,185057
Ukraine,UKR,198226
Uruguay,URY,-80
Uruguay,URY,-114
Uruguay,URY,-65
Uruguay,URY,-193
Uruguay,URY,-434
Uruguay,URY,-1062
Uruguay,URY,-1458
Uruguay,URY,-1924
Uruguay,URY,-2196
Uruguay,URY,-2349
Uruguay,URY,-2480
Uruguay,URY,-2246
Uruguay,URY,-1756
Uruguay,URY,-2365
Uruguay,URY,-1822
Uruguay,URY,-22
Uruguay,URY,1793
Uruguay,URY,2859
Uruguay,URY,2970
Uruguay,URY,2888
Uruguay,URY,2782
Uruguay,URY,2642
Uruguay,URY,2719
Uruguay,URY,3106
United States of America,USA,6142
United States of America,USA,-6050
United States of America,USA,11826
United States of America,USA,88069
United States of America,USA,130755
United States of America,USA,147740
United States of America,USA,195464
United States of America,USA,241871
United States of America,USA,265136
United States of America,USA,298308
United States of America,USA,353265
United States of America,USA,465706
United States of America,USA,577710
United States of America,USA,597204
United States of America,USA,608079
United States of America,USA,611859
United States of America,USA,625062
United States of America,USA,630205
United States of America,USA,649868
United States of America,USA,717872
United States of America,USA,790949
United States of America,USA,845085
United States of America,USA,877391
United States of America,USA,932458
Uzbekistan,UZB,-2627
Uzbekistan,UZB,-2583
Uzbekistan,UZB,-3547
Uzbekistan,UZB,-5326
Uzbekistan,UZB,-6565
Uzbekistan,UZB,-5352
Uzbekistan,UZB,62
Uzbekistan,UZB,9489
Uzbekistan,UZB,10718
Uzbekistan,UZB,14369
Uzbekistan,UZB,15751
Uzbekistan,UZB,22813
Uzbekistan,UZB,21078
Uzbekistan,UZB,22243
Uzbekistan,UZB,22429
Uzbekistan,UZB,21608
Uzbekistan,UZB,21095
Uzbekistan,UZB,23269
Uzbekistan,UZB,29091
Uzbekistan,UZB,39064
Uzbekistan,UZB,40658
Uzbekistan,UZB,42173
Uzbekistan,UZB,42269
Uzbekistan,UZB,44886
Saint Vincent and the Grenadines,VCT,12
Saint Vincent and the Grenadines,VCT,21
Saint Vincent and the Grenadines,VCT,34
Saint Vincent and the Grenadines,VCT,31
Saint Vincent and the Grenadines,VCT,31
Saint Vincent and the Grenadines,VCT,39
Saint Vincent and the Grenadines,VCT,53
Saint Vincent and the Grenadines,VCT,68
Saint Vincent and the Grenadines,VCT,79
Saint Vincent and the Grenadines,VCT,88
Saint Vincent and the Grenadines,VCT,97
Saint Vincent and the Grenadines,VCT,106
Saint Vincent and the Grenadines,VCT,132
Saint Vincent and the Grenadines,VCT,169
Saint Vincent and the Grenadines,VCT,197
Saint Vincent and the Grenadines,VCT,221
Saint Vincent and the Grenadines,VCT,248
Saint Vincent and the Grenadines,VCT,265
Saint Vincent and the Grenadines,VCT,279
Saint Vincent and the Grenadines,VCT,293
Saint Vincent and the Grenadines,VCT,330
Saint Vincent and the Grenadines,VCT,419
Saint Vincent and the Grenadines,VCT,455
Saint Vincent and the Grenadines,VCT,493
Venezuela (Bolivarian Republic of),VEN,3590
Venezuela (Bolivarian Republic of),VEN,3586
Venezuela (Bolivarian Republic of),VEN,2183
Venezuela (Bolivarian Republic of),VEN,450
Venezuela (Bolivarian Republic of),VEN,-869
Venezuela (Bolivarian Republic of),VEN,-945
Venezuela (Bolivarian Republic of),VEN,-67
Venezuela (Bolivarian Republic of),VEN,1704
Venezuela (Bolivarian Republic of),VEN,2764
Venezuela (Bolivarian Republic of),VEN,3108
Venezuela (Bolivarian Republic of),VEN,3165
Venezuela (Bolivarian Republic of),VEN,3642
Venezuela (Bolivarian Republic of),VEN,4726
Venezuela (Bolivarian Republic of),VEN,5919
Venezuela (Bolivarian Republic of),VEN,7426
Venezuela (Bolivarian Republic of),VEN,9782
Venezuela (Bolivarian Republic of),VEN,12202
Venezuela (Bolivarian Republic of),VEN,14387
Venezuela (Bolivarian Republic of),VEN,16037
Venezuela (Bolivarian Republic of),VEN,17881
Venezuela (Bolivarian Republic of),VEN,19462
Venezuela (Bolivarian Republic of),VEN,20633
Venezuela (Bolivarian Republic of),VEN,21548
Venezuela (Bolivarian Republic of),VEN,22325
Viet Nam,VNM,-1138
Viet Nam,VNM,-7606
Viet Nam,VNM,-14106
Viet Nam,VNM,-26306
Viet Nam,VNM,-33504
Viet Nam,VNM,-37671
Viet Nam,VNM,-40326
Viet Nam,VNM,-41905
Viet Nam,VNM,-45760
Viet Nam,VNM,-50050
Viet Nam,VNM,-54428
Viet Nam,VNM,-58679
Viet Nam,VNM,-63110
Viet Nam,VNM,-67098
Viet Nam,VNM,-71147
Viet Nam,VNM,-73373
Viet Nam,VNM,-74203
Viet Nam,VNM,-74589
Viet Nam,VNM,-69638
Viet Nam,VNM,-48847
Viet Nam,VNM,-33417
Viet Nam,VNM,-26545
Viet Nam,VNM,-19873
Viet Nam,VNM,-6211
Vanuatu,VUT,-5
Vanuatu,VUT,-3
Vanuatu,VUT,-6
Vanuatu,VUT,-27
Vanuatu,VUT,-43
Vanuatu,VUT,-56
Vanuatu,VUT,-61
Vanuatu,VUT,-62
Vanuatu,VUT,-62
Vanuatu,VUT,-64
Vanuatu,VUT,-69
Vanuatu,VUT,-72
Vanuatu,VUT,-76
Vanuatu,VUT,-75
Vanuatu,VUT,-76
Vanuatu,VUT,-75
Vanuatu,VUT,-72
Vanuatu,VUT,-70
Vanuatu,VUT,-69
Vanuatu,VUT,-67
Vanuatu,VUT,-68
Vanuatu,VUT,-69
Vanuatu,VUT,-75
Vanuatu,VUT,-76
Samoa,WSM,-1
Samoa,WSM,-1
Samoa,WSM,-2
Samoa,WSM,-14
Samoa,WSM,-23
Samoa,WSM,-28
Samoa,WSM,-30
Samoa,WSM,-34
Samoa,WSM,-40
Samoa,WSM,-44
Samoa,WSM,-51
Samoa,WSM,-56
Samoa,WSM,-61
Samoa,WSM,-64
Samoa,WSM,-67
Samoa,WSM,-69
Samoa,WSM,-70
Samoa,WSM,-71
Samoa,WSM,-71
Samoa,WSM,-71
Samoa,WSM,-75
Samoa,WSM,-80
Samoa,WSM,-85
Samoa,WSM,-89
Yemen,YEM,988
Yemen,YEM,1723
Yemen,YEM,1412
Yemen,YEM,844
Yemen,YEM,1833
Yemen,YEM,4528
Yemen,YEM,7680
Yemen,YEM,9863
Yemen,YEM,11252
Yemen,YEM,12127
Yemen,YEM,13547
Yemen,YEM,14408
Yemen,YEM,15052
Yemen,YEM,15910
Yemen,YEM,17935
Yemen,YEM,20899
Yemen,YEM,23039
Yemen,YEM,24734
Yemen,YEM,26080
Yemen,YEM,27719
Yemen,YEM,29723
Yemen,YEM,31319
Yemen,YEM,32551
Yemen,YEM,33792
South Africa,ZAF,-250
South Africa,ZAF,636
South Africa,ZAF,1082
South Africa,ZAF,-4024
South Africa,ZAF,-9022
South Africa,ZAF,-6733
South Africa,ZAF,13795
South Africa,ZAF,22622
South Africa,ZAF,22472
South Africa,ZAF,24864
South Africa,ZAF,28713
South Africa,ZAF,54402
South Africa,ZAF,106438
South Africa,ZAF,116067
South Africa,ZAF,122168
South Africa,ZAF,126447
South Africa,ZAF,133264
South Africa,ZAF,147796
South Africa,ZAF,185600
South Africa,ZAF,208228
South Africa,ZAF,217604
South Africa,ZAF,221435
South Africa,ZAF,225188
South Africa,ZAF,238671
Zambia,ZMB,681
Zambia,ZMB,1391
Zambia,ZMB,1416
Zambia,ZMB,1059
Zambia,ZMB,1037
Zambia,ZMB,1118
Zambia,ZMB,1861
Zambia,ZMB,3439
Zambia,ZMB,4389
Zambia,ZMB,4784
Zambia,ZMB,4943
Zambia,ZMB,5294
Zambia,ZMB,7305
Zambia,ZMB,9767
Zambia,ZMB,11293
Zambia,ZMB,12032
Zambia,ZMB,12551
Zambia,ZMB,15776
Zambia,ZMB,19510
Zambia,ZMB,20974
Zambia,ZMB,21777
Zambia,ZMB,22174
Zambia,ZMB,22537
Zambia,ZMB,23553
Zimbabwe,ZWE,522
Zimbabwe,ZWE,917
Zimbabwe,ZWE,1616
Zimbabwe,ZWE,853
Zimbabwe,ZWE,-121
Zimbabwe,ZWE,-964
Zimbabwe,ZWE,-1016
Zimbabwe,ZWE,-194
Zimbabwe,ZWE,90
Zimbabwe,ZWE,300
Zimbabwe,ZWE,656
Zimbabwe,ZWE,1476
Zimbabwe,ZWE,4476
Zimbabwe,ZWE,5828
Zimbabwe,ZWE,6357
Zimbabwe,ZWE,6863
Zimbabwe,ZWE,7076
Zimbabwe,ZWE,8049
Zimbabwe,ZWE,12246
Zimbabwe,ZWE,14894
Zimbabwe,ZWE,16072
Zimbabwe,ZWE,16678
Zimbabwe,ZWE,17038
Zimbabwe,ZWE,18632
,,
,,
,,
,,
,,
Technical notes for India: These estimates may not be regarded as the national statistics officially produced by India due to differences arising from the data and methods used by WHO. The information from the Civil Registration System in India for 2020 was made publicly available by the Registrar General of India on 3 May 2022 in a report at: https://crsorgi.gov.in/annual-report.html. The newly published information in the report is being carefully examined and will be taken into consideration in revisions of the estimates.,,
,,
,,
,,
,,
,,
,,
,,
,,
,,
,,
,,
,,
